/*
Navicat MySQL Data Transfer

Source Server         : Mysql
Source Server Version : 50527
Source Host           : localhost:3306
Source Database       : ttf

Target Server Type    : MYSQL
Target Server Version : 50527
File Encoding         : 65001

Date: 2018-05-04 16:44:46
*/

SET FOREIGN_KEY_CHECKS=0;

-- ----------------------------
-- Table structure for tb_address
-- ----------------------------
DROP TABLE IF EXISTS `tb_address`;
CREATE TABLE `tb_address` (
  `id` int(11) NOT NULL AUTO_INCREMENT,
  `detail` text,
  `name` varchar(20) DEFAULT NULL,
  `phone` varchar(20) DEFAULT NULL,
  `uid` int(11) NOT NULL,
  `level` int(11) DEFAULT NULL,
  `status` int(11) DEFAULT NULL,
  PRIMARY KEY (`id`),
  KEY `fk_address_id` (`uid`),
  CONSTRAINT `fk_address_id` FOREIGN KEY (`uid`) REFERENCES `tb_user` (`id`)
) ENGINE=InnoDB DEFAULT CHARSET=gbk;

-- ----------------------------
-- Records of tb_address
-- ----------------------------

-- ----------------------------
-- Table structure for tb_adminer
-- ----------------------------
DROP TABLE IF EXISTS `tb_adminer`;
CREATE TABLE `tb_adminer` (
  `id` int(11) NOT NULL AUTO_INCREMENT,
  `username` varchar(20) NOT NULL,
  `password` varchar(255) NOT NULL,
  PRIMARY KEY (`id`)
) ENGINE=InnoDB AUTO_INCREMENT=2 DEFAULT CHARSET=gbk;

-- ----------------------------
-- Records of tb_adminer
-- ----------------------------
INSERT INTO `tb_adminer` VALUES ('1', '胡晓杰', '202cb962ac59075b964b07152d234b70');

-- ----------------------------
-- Table structure for tb_balance_history
-- ----------------------------
DROP TABLE IF EXISTS `tb_balance_history`;
CREATE TABLE `tb_balance_history` (
  `id` int(11) NOT NULL AUTO_INCREMENT,
  `uid` int(11) DEFAULT NULL COMMENT '用户id',
  `type` int(11) DEFAULT NULL COMMENT '类型',
  `money` int(11) DEFAULT NULL COMMENT '金额',
  `beforeBalance` int(11) DEFAULT NULL COMMENT '变化前账户余额',
  `afterBalance` int(11) DEFAULT NULL COMMENT '变化后账户余额',
  `time` datetime DEFAULT NULL COMMENT '时间',
  PRIMARY KEY (`id`)
) ENGINE=InnoDB AUTO_INCREMENT=9 DEFAULT CHARSET=utf8;

-- ----------------------------
-- Records of tb_balance_history
-- ----------------------------
INSERT INTO `tb_balance_history` VALUES ('1', '19', '1', '20', '0', '20', '2018-04-25 15:22:56');
INSERT INTO `tb_balance_history` VALUES ('2', '19', '1', '20', '20', '40', '2018-04-25 15:25:24');
INSERT INTO `tb_balance_history` VALUES ('3', '19', '1', '20', '40', '60', '2018-04-25 15:30:04');
INSERT INTO `tb_balance_history` VALUES ('4', '19', '1', '20', '60', '80', '2018-04-25 15:31:21');
INSERT INTO `tb_balance_history` VALUES ('5', '19', '0', '80', '80', '0', '2018-04-25 15:31:32');
INSERT INTO `tb_balance_history` VALUES ('6', '19', '1', '100', '0', '100', '2018-04-25 16:57:06');
INSERT INTO `tb_balance_history` VALUES ('7', '19', '2', '49', '100', '51', '2018-04-25 16:57:20');
INSERT INTO `tb_balance_history` VALUES ('8', '7', '2', '68', '134', '66', '2018-04-25 17:07:40');

-- ----------------------------
-- Table structure for tb_cart
-- ----------------------------
DROP TABLE IF EXISTS `tb_cart`;
CREATE TABLE `tb_cart` (
  `id` int(11) NOT NULL,
  `pid` int(11) NOT NULL DEFAULT '0',
  `num` int(11) DEFAULT NULL,
  `money` int(11) DEFAULT NULL,
  PRIMARY KEY (`id`,`pid`),
  KEY `fk_cart_pid` (`pid`),
  CONSTRAINT `fk_cart_id` FOREIGN KEY (`id`) REFERENCES `tb_user` (`id`),
  CONSTRAINT `fk_cart_pid` FOREIGN KEY (`pid`) REFERENCES `tb_goods` (`id`)
) ENGINE=InnoDB DEFAULT CHARSET=gbk;

-- ----------------------------
-- Records of tb_cart
-- ----------------------------

-- ----------------------------
-- Table structure for tb_goods
-- ----------------------------
DROP TABLE IF EXISTS `tb_goods`;
CREATE TABLE `tb_goods` (
  `id` int(11) NOT NULL AUTO_INCREMENT,
  `name` varchar(100) DEFAULT NULL,
  `pubdate` datetime DEFAULT NULL,
  `picture` varchar(255) DEFAULT NULL,
  `price` int(11) DEFAULT NULL,
  `star` int(1) DEFAULT '0',
  `number` int(11) DEFAULT NULL,
  `intro` text,
  `typeid` int(11) DEFAULT NULL,
  `status` int(1) DEFAULT NULL,
  PRIMARY KEY (`id`),
  KEY `fk_typeid` (`typeid`),
  CONSTRAINT `fk_typeid` FOREIGN KEY (`typeid`) REFERENCES `tb_goods_type` (`id`)
) ENGINE=InnoDB AUTO_INCREMENT=47 DEFAULT CHARSET=gbk;

-- ----------------------------
-- Records of tb_goods
-- ----------------------------
INSERT INTO `tb_goods` VALUES ('1', '兰州拉面', '2018-01-02 00:00:00', '\\pic\\d\\b\\7b3d5e11b3d446dabeb78a983dff2280.jpg', '23', '5', '10', '本店招牌面', '9', '1');
INSERT INTO `tb_goods` VALUES ('2', '依云', '2018-01-01 00:00:00', '\\pic\\9\\7\\636bd73a6d524ed6b65cb31da7a4b7c7.jpg', '3', '4', '1000', '矿泉水', '24', '1');
INSERT INTO `tb_goods` VALUES ('3', '肉丝面', '2017-09-08 00:00:00', '\\pic\\niu.jpg', '15', '3', '10', '量足', '9', '1');
INSERT INTO `tb_goods` VALUES ('4', '牛肉面', '2017-09-08 00:00:00', '\\pic\\la.jpg', '36', '3', '10', '本店招牌,四川师傅', '9', '1');
INSERT INTO `tb_goods` VALUES ('5', '辣子鸡', '2017-09-14 00:00:00', '\\pic\\c\\c\\0f837f62188f4a59a17ef7c8d9d82837.jpg', '32', '2', '10', '四川正宗美味料理', '11', '1');
INSERT INTO `tb_goods` VALUES ('6', '大盘鸡', '2017-09-14 00:00:00', '\\pic\\b\\4\\515d5b5f9326490790164fbdb2b00efa.jpg', '22', '2', '10', '配合凉面吃更酸爽', '2', '1');
INSERT INTO `tb_goods` VALUES ('7', '蛋炒饭', '2017-09-08 00:00:00', '\\pic\\7\\c\\d089f66680a64d6e9e79601e98a8dc53.jpg', '12', '5', '10', '好吃不贵', '8', '1');
INSERT INTO `tb_goods` VALUES ('8', '黄焖鸡米饭', '2017-09-02 00:00:00', '\\pic\\2\\f\\11c8e77d700a47f290201a65d7886c10.jpg', '22', '3', '100', '挺不错的', '10', '1');
INSERT INTO `tb_goods` VALUES ('9', '大肉面', '2017-09-08 00:00:00', '\\pic\\lan.jpg', '20', '3', '100', '好吃不贵', '9', '1');
INSERT INTO `tb_goods` VALUES ('10', '可口可乐', '2017-09-09 00:00:00', '\\pic\\b\\0\\c7518f10088948bf807c6774f3c4253e.jpg', '2', '5', '100', '可口又可乐', '5', '1');
INSERT INTO `tb_goods` VALUES ('11', '西游记', '2017-09-08 00:00:00', '\\pic\\lan.jpg', '55', '3', '10', '四大名著', '4', '1');
INSERT INTO `tb_goods` VALUES ('12', '红楼梦', '2017-09-08 00:00:00', '\\pic\\lan.jpg', '55', '3', '10', '四大名著', '4', '1');
INSERT INTO `tb_goods` VALUES ('13', '天龙八部', '2017-09-14 00:00:00', '\\pic\\lan.jpg', '22', '2', '10', '金庸', '2', '1');
INSERT INTO `tb_goods` VALUES ('14', '天龙八部', '2017-09-14 00:00:00', '\\pic\\lan.jpg', '22', '2', '10', '金庸', '2', '1');
INSERT INTO `tb_goods` VALUES ('15', '王凡', '2017-09-08 00:00:00', '1506348497058_512_1500357094222.jpg', '22', '3', '10', '等待', '1', '1');
INSERT INTO `tb_goods` VALUES ('16', '鬼吹灯', '2017-09-02 00:00:00', '1506348497058_512_1500357094222.jpg', '22', '3', '10', '挺不错的', '3', '1');
INSERT INTO `tb_goods` VALUES ('17', '三国演义', '2017-09-08 00:00:00', '1506348497058_512_1500357094222.jpg', '39', '3', '10', '四大名著', '4', '1');
INSERT INTO `tb_goods` VALUES ('18', '水浒传', '2017-09-09 00:00:00', '1506348497058_512_1500357094222.jpg', '33', '5', '10', '四大名著', '4', '1');
INSERT INTO `tb_goods` VALUES ('19', '西游记', '2017-09-08 00:00:00', '1506348497058_512_1500357094222.jpg', '55', '3', '10', '四大名著', '4', '1');
INSERT INTO `tb_goods` VALUES ('20', '红楼梦', '2017-09-08 00:00:00', '1506348497058_512_1500357094222.jpg', '55', '3', '10', '四大名著', '4', '1');
INSERT INTO `tb_goods` VALUES ('21', '天龙八部', '2017-09-14 00:00:00', '1506348497058_512_1500357094222.jpg', '22', '2', '10', '金庸', '2', '1');
INSERT INTO `tb_goods` VALUES ('22', '天龙八部', '2017-09-14 00:00:00', '1506348497058_512_1500357094222.jpg', '22', '2', '10', '金庸', '2', '1');
INSERT INTO `tb_goods` VALUES ('23', '王凡', '2017-09-08 00:00:00', '1506348497058_512_1500357094222.jpg', '22', '3', '10', '等待', '1', '1');
INSERT INTO `tb_goods` VALUES ('24', '鬼吹灯', '2017-09-02 00:00:00', '1506348497058_512_1500357094222.jpg', '22', '3', '10', '挺不错的', '3', '1');
INSERT INTO `tb_goods` VALUES ('25', '三国演义', '2017-09-08 00:00:00', '1506348497058_512_1500357094222.jpg', '39', '3', '10', '四大名著', '4', '1');
INSERT INTO `tb_goods` VALUES ('26', '水浒传', '2017-09-09 00:00:00', '1506348497058_512_1500357094222.jpg', '33', '5', '10', '四大名著', '4', '1');
INSERT INTO `tb_goods` VALUES ('27', '西游记', '2017-09-08 00:00:00', '1506348497058_512_1500357094222.jpg', '55', '3', '10', '四大名著', '4', '1');
INSERT INTO `tb_goods` VALUES ('28', '红楼梦', '2017-09-08 00:00:00', '1506348497058_512_1500357094222.jpg', '55', '3', '10', '四大名著', '4', '1');
INSERT INTO `tb_goods` VALUES ('29', '天龙八部', '2017-09-14 00:00:00', '1506348497058_512_1500357094222.jpg', '22', '2', '10', '金庸', '2', '1');
INSERT INTO `tb_goods` VALUES ('30', '天龙八部', '2017-09-14 00:00:00', '1506348497058_512_1500357094222.jpg', '22', '2', '10', '金庸', '2', '1');
INSERT INTO `tb_goods` VALUES ('31', '王凡', '2017-09-08 00:00:00', '1506348497058_512_1500357094222.jpg', '22', '3', '10', '等待', '1', '1');
INSERT INTO `tb_goods` VALUES ('32', '鬼吹灯', '2017-09-02 00:00:00', '1506348497058_512_1500357094222.jpg', '22', '3', '10', '挺不错的', '3', '1');
INSERT INTO `tb_goods` VALUES ('33', '骆驼祥子', '2017-09-08 00:00:00', '1506348497058_512_1500357094222.jpg', '99', '5', '10', '老舍著作', '1', '1');
INSERT INTO `tb_goods` VALUES ('34', '呐喊', '2017-09-09 00:00:00', '1506348636439_975_149986432941.jpg', '100', '5', '10', '鲁迅著作', '1', '1');
INSERT INTO `tb_goods` VALUES ('35', '蛋炒饭', '2018-01-05 00:00:00', '0.356967446956104161415925579.JPG', '12', '5', '10', '好吃不贵', '8', '0');
INSERT INTO `tb_goods` VALUES ('36', '牛肉面', '2018-01-04 00:00:00', '0.149556471685595271415925579.JPG', '24', '4', '10', '味美量足', '9', '0');
INSERT INTO `tb_goods` VALUES ('37', '黄焖鸡', '2018-01-16 00:00:00', 'd:\\pic\\8\\0\\aaabbf95ac864ccbb22c262889fd2105.jpg', '22', '5', '10', '今晚吃鸡大吉大利', '2', '1');
INSERT INTO `tb_goods` VALUES ('38', '云吞面', '2018-01-03 00:00:00', 'D:\\Mt\\upload\\e\\6\\3bb5aee29757476fb884ec119916c76f.jpg', '12', '1', '10', '招牌菜', '9', '1');
INSERT INTO `tb_goods` VALUES ('39', '凉皮', '2018-01-03 00:00:00', 'D:\\Mt\\upload\\1\\c\\d294dbc6a52f4baa83684e8eae8604b2.jpg', '8', '3', '10', '好吃', '9', '1');
INSERT INTO `tb_goods` VALUES ('40', '哈哈哈', '2018-01-11 00:00:00', '\\e\\a\\7d991929105e44349e1e734320e2164b.jpg', '123', '3', '10', '大四大', '3', '1');
INSERT INTO `tb_goods` VALUES ('41', 'dsa dsads', '2018-01-10 00:00:00', '\\images\\\\7\\9\\3810331308b04ca8af83a150a17d64af.jpg', '123', '3', '10', '123', '5', '1');
INSERT INTO `tb_goods` VALUES ('42', '表情包', '2018-01-03 00:00:00', '\\images\\8\\1\\b860548c7d87419c8d255a7fd0cc600c.jpg', '123', '2', '10', '12312', '9', '1');
INSERT INTO `tb_goods` VALUES ('43', 'sjdhkasdj', '2018-01-03 00:00:00', '\\images\\c\\0\\00cce7c461a0492aa8a4b746e0a3a0ca.jpg', '123', '2', '10', 'gdfgsd', '5', '1');
INSERT INTO `tb_goods` VALUES ('44', '辣子鸡', '2018-04-16 00:00:00', '\\pic\\d\\1\\c50960e2187e4f81ac019a4f5a2d33e7.jpg', '25', '5', '2', '好吃不贵', '2', '1');
INSERT INTO `tb_goods` VALUES ('45', '蛋炒面', '2018-04-17 14:31:48', '\\pic\\f\\e\\48bbf96607da4aff8bdd3ed9e7ae2692.jpg', '10', '3', '20', '便宜又实惠', '11', '1');
INSERT INTO `tb_goods` VALUES ('46', '肉丝炒面', '2018-04-17 14:55:25', '\\pic\\c\\f\\5a3130d2ba3c418b8ef0d8e7a78fe08d.jpg', '13', '4', '30', '营养又健康,分量很足', '11', '1');

-- ----------------------------
-- Table structure for tb_goods_type
-- ----------------------------
DROP TABLE IF EXISTS `tb_goods_type`;
CREATE TABLE `tb_goods_type` (
  `id` int(11) NOT NULL AUTO_INCREMENT,
  `name` varchar(50) NOT NULL,
  `level` int(11) DEFAULT NULL,
  `Parent` int(11) DEFAULT NULL,
  `status` int(11) DEFAULT NULL,
  `isparent` int(11) DEFAULT NULL,
  PRIMARY KEY (`id`)
) ENGINE=InnoDB AUTO_INCREMENT=26 DEFAULT CHARSET=gbk;

-- ----------------------------
-- Records of tb_goods_type
-- ----------------------------
INSERT INTO `tb_goods_type` VALUES ('1', '主食', '1', '0', '1', '1');
INSERT INTO `tb_goods_type` VALUES ('2', '米饭', '2', '1', '1', '0');
INSERT INTO `tb_goods_type` VALUES ('3', '馒头', '2', '1', '1', '0');
INSERT INTO `tb_goods_type` VALUES ('4', '饮品', '1', '0', '1', '1');
INSERT INTO `tb_goods_type` VALUES ('5', '可乐', '2', '4', '1', '0');
INSERT INTO `tb_goods_type` VALUES ('6', '矿泉水', '2', '4', '1', '1');
INSERT INTO `tb_goods_type` VALUES ('7', '菜品', '1', '0', '1', '1');
INSERT INTO `tb_goods_type` VALUES ('8', '炒饭', '2', '7', '1', '0');
INSERT INTO `tb_goods_type` VALUES ('9', '拉面', '2', '7', '1', '0');
INSERT INTO `tb_goods_type` VALUES ('10', '黄焖鸡米饭', '3', '7', '1', '0');
INSERT INTO `tb_goods_type` VALUES ('11', '炒面', '3', '7', '1', '0');
INSERT INTO `tb_goods_type` VALUES ('12', '新种类', '3', '7', '1', '0');
INSERT INTO `tb_goods_type` VALUES ('13', '新种类', '3', '7', '1', '0');
INSERT INTO `tb_goods_type` VALUES ('14', '新种类', '3', '7', '1', '0');
INSERT INTO `tb_goods_type` VALUES ('15', '新种类', '3', '7', '1', '0');
INSERT INTO `tb_goods_type` VALUES ('16', '新种类', '3', '7', '1', '0');
INSERT INTO `tb_goods_type` VALUES ('17', '新种类', '3', '7', '1', '0');
INSERT INTO `tb_goods_type` VALUES ('18', '新种类', '3', '7', '1', '0');
INSERT INTO `tb_goods_type` VALUES ('19', '新种类', '3', '7', '1', '0');
INSERT INTO `tb_goods_type` VALUES ('20', '新种类', '3', '7', '1', '0');
INSERT INTO `tb_goods_type` VALUES ('21', '新种类', '3', '7', '1', '0');
INSERT INTO `tb_goods_type` VALUES ('22', '新种类', '3', '7', '1', '0');
INSERT INTO `tb_goods_type` VALUES ('23', '新种类', '3', '4', '1', '0');
INSERT INTO `tb_goods_type` VALUES ('24', '依云', '3', '6', '1', '0');
INSERT INTO `tb_goods_type` VALUES ('25', '农夫山泉', '3', '6', '0', '0');

-- ----------------------------
-- Table structure for tb_order
-- ----------------------------
DROP TABLE IF EXISTS `tb_order`;
CREATE TABLE `tb_order` (
  `id` int(11) NOT NULL AUTO_INCREMENT,
  `uid` int(11) DEFAULT NULL,
  `money` int(11) DEFAULT NULL,
  `aid` int(11) DEFAULT NULL,
  `time` datetime DEFAULT NULL,
  `status` int(11) DEFAULT NULL,
  PRIMARY KEY (`id`),
  KEY `fk_order_uid` (`uid`),
  KEY `fk_order_aid` (`aid`),
  CONSTRAINT `fk_order_uid` FOREIGN KEY (`uid`) REFERENCES `tb_user` (`id`)
) ENGINE=InnoDB AUTO_INCREMENT=13 DEFAULT CHARSET=gbk;

-- ----------------------------
-- Records of tb_order
-- ----------------------------
INSERT INTO `tb_order` VALUES ('7', '7', '49', null, '2018-04-17 18:09:47', '0');
INSERT INTO `tb_order` VALUES ('8', '7', '33', null, '2018-04-17 19:25:00', '1');
INSERT INTO `tb_order` VALUES ('9', '7', '27', null, '2018-04-18 09:02:00', '0');
INSERT INTO `tb_order` VALUES ('10', '7', '26', null, '2018-04-24 19:32:00', '0');
INSERT INTO `tb_order` VALUES ('11', '19', '49', null, '2018-04-25 16:57:00', '0');
INSERT INTO `tb_order` VALUES ('12', '7', '68', null, '2018-04-25 17:07:00', '0');

-- ----------------------------
-- Table structure for tb_orderdetail
-- ----------------------------
DROP TABLE IF EXISTS `tb_orderdetail`;
CREATE TABLE `tb_orderdetail` (
  `id` int(11) NOT NULL AUTO_INCREMENT,
  `Oid` int(11) DEFAULT NULL,
  `pid` int(11) DEFAULT NULL,
  `num` int(11) DEFAULT NULL,
  `Money` int(11) DEFAULT NULL,
  PRIMARY KEY (`id`),
  KEY `fk_order_pid` (`pid`),
  KEY `fk_order_id` (`Oid`)
) ENGINE=InnoDB AUTO_INCREMENT=18 DEFAULT CHARSET=gbk;

-- ----------------------------
-- Records of tb_orderdetail
-- ----------------------------
INSERT INTO `tb_orderdetail` VALUES ('6', '7', '1', '2', '46');
INSERT INTO `tb_orderdetail` VALUES ('7', '7', '2', '1', '3');
INSERT INTO `tb_orderdetail` VALUES ('8', '8', '2', '1', '3');
INSERT INTO `tb_orderdetail` VALUES ('9', '8', '3', '2', '30');
INSERT INTO `tb_orderdetail` VALUES ('10', '9', '2', '1', '3');
INSERT INTO `tb_orderdetail` VALUES ('11', '9', '7', '2', '24');
INSERT INTO `tb_orderdetail` VALUES ('12', '10', '1', '1', '23');
INSERT INTO `tb_orderdetail` VALUES ('13', '10', '2', '1', '3');
INSERT INTO `tb_orderdetail` VALUES ('14', '11', '1', '2', '46');
INSERT INTO `tb_orderdetail` VALUES ('15', '11', '2', '1', '3');
INSERT INTO `tb_orderdetail` VALUES ('16', '12', '4', '1', '36');
INSERT INTO `tb_orderdetail` VALUES ('17', '12', '5', '1', '32');

-- ----------------------------
-- Table structure for tb_site
-- ----------------------------
DROP TABLE IF EXISTS `tb_site`;
CREATE TABLE `tb_site` (
  `id` int(11) NOT NULL AUTO_INCREMENT,
  `province` varchar(12) DEFAULT NULL,
  `city` varchar(20) DEFAULT NULL,
  `county` varchar(20) DEFAULT NULL,
  PRIMARY KEY (`id`)
) ENGINE=InnoDB AUTO_INCREMENT=2575 DEFAULT CHARSET=gbk;

-- ----------------------------
-- Records of tb_site
-- ----------------------------
INSERT INTO `tb_site` VALUES ('1', '北京', '北京', '北京');
INSERT INTO `tb_site` VALUES ('2', '北京', '北京', '海淀');
INSERT INTO `tb_site` VALUES ('3', '北京', '北京', '朝阳');
INSERT INTO `tb_site` VALUES ('4', '北京', '北京', '顺义');
INSERT INTO `tb_site` VALUES ('5', '北京', '北京', '怀柔');
INSERT INTO `tb_site` VALUES ('6', '北京', '北京', '通州');
INSERT INTO `tb_site` VALUES ('7', '北京', '北京', '昌平');
INSERT INTO `tb_site` VALUES ('8', '北京', '北京', '延庆');
INSERT INTO `tb_site` VALUES ('9', '北京', '北京', '丰台');
INSERT INTO `tb_site` VALUES ('10', '北京', '北京', '石景山');
INSERT INTO `tb_site` VALUES ('11', '北京', '北京', '大兴');
INSERT INTO `tb_site` VALUES ('12', '北京', '北京', '房山');
INSERT INTO `tb_site` VALUES ('13', '北京', '北京', '密云');
INSERT INTO `tb_site` VALUES ('14', '北京', '北京', '门头沟');
INSERT INTO `tb_site` VALUES ('15', '北京', '北京', '平谷');
INSERT INTO `tb_site` VALUES ('16', '上海', '上海', '上海');
INSERT INTO `tb_site` VALUES ('17', '上海', '上海', '闵行');
INSERT INTO `tb_site` VALUES ('18', '上海', '上海', '宝山');
INSERT INTO `tb_site` VALUES ('19', '上海', '上海', '嘉定');
INSERT INTO `tb_site` VALUES ('20', '上海', '上海', '南汇');
INSERT INTO `tb_site` VALUES ('21', '上海', '上海', '金山');
INSERT INTO `tb_site` VALUES ('22', '上海', '上海', '青浦');
INSERT INTO `tb_site` VALUES ('23', '上海', '上海', '松江');
INSERT INTO `tb_site` VALUES ('24', '上海', '上海', '奉贤');
INSERT INTO `tb_site` VALUES ('25', '上海', '上海', '崇明');
INSERT INTO `tb_site` VALUES ('26', '上海', '上海', '徐家汇');
INSERT INTO `tb_site` VALUES ('27', '上海', '上海', '浦东');
INSERT INTO `tb_site` VALUES ('28', '天津', '天津', '天津');
INSERT INTO `tb_site` VALUES ('29', '天津', '天津', '武清');
INSERT INTO `tb_site` VALUES ('30', '天津', '天津', '宝坻');
INSERT INTO `tb_site` VALUES ('31', '天津', '天津', '东丽');
INSERT INTO `tb_site` VALUES ('32', '天津', '天津', '西青');
INSERT INTO `tb_site` VALUES ('33', '天津', '天津', '北辰');
INSERT INTO `tb_site` VALUES ('34', '天津', '天津', '宁河');
INSERT INTO `tb_site` VALUES ('35', '天津', '天津', '汉沽');
INSERT INTO `tb_site` VALUES ('36', '天津', '天津', '静海');
INSERT INTO `tb_site` VALUES ('37', '天津', '天津', '津南');
INSERT INTO `tb_site` VALUES ('38', '天津', '天津', '塘沽');
INSERT INTO `tb_site` VALUES ('39', '天津', '天津', '大港');
INSERT INTO `tb_site` VALUES ('40', '天津', '天津', '蓟县');
INSERT INTO `tb_site` VALUES ('41', '重庆', '重庆', '重庆');
INSERT INTO `tb_site` VALUES ('42', '重庆', '重庆', '永川');
INSERT INTO `tb_site` VALUES ('43', '重庆', '重庆', '合川');
INSERT INTO `tb_site` VALUES ('44', '重庆', '重庆', '南川');
INSERT INTO `tb_site` VALUES ('45', '重庆', '重庆', '江津');
INSERT INTO `tb_site` VALUES ('46', '重庆', '重庆', '万盛');
INSERT INTO `tb_site` VALUES ('47', '重庆', '重庆', '渝北');
INSERT INTO `tb_site` VALUES ('48', '重庆', '重庆', '北碚');
INSERT INTO `tb_site` VALUES ('49', '重庆', '重庆', '巴南');
INSERT INTO `tb_site` VALUES ('50', '重庆', '重庆', '长寿');
INSERT INTO `tb_site` VALUES ('51', '重庆', '重庆', '黔江');
INSERT INTO `tb_site` VALUES ('52', '重庆', '重庆', '万州');
INSERT INTO `tb_site` VALUES ('53', '重庆', '重庆', '涪陵');
INSERT INTO `tb_site` VALUES ('54', '重庆', '重庆', '开县');
INSERT INTO `tb_site` VALUES ('55', '重庆', '重庆', '城口');
INSERT INTO `tb_site` VALUES ('56', '重庆', '重庆', '云阳');
INSERT INTO `tb_site` VALUES ('57', '重庆', '重庆', '巫溪');
INSERT INTO `tb_site` VALUES ('58', '重庆', '重庆', '奉节');
INSERT INTO `tb_site` VALUES ('59', '重庆', '重庆', '巫山');
INSERT INTO `tb_site` VALUES ('60', '重庆', '重庆', '潼南');
INSERT INTO `tb_site` VALUES ('61', '重庆', '重庆', '垫江');
INSERT INTO `tb_site` VALUES ('62', '重庆', '重庆', '梁平');
INSERT INTO `tb_site` VALUES ('63', '重庆', '重庆', '忠县');
INSERT INTO `tb_site` VALUES ('64', '重庆', '重庆', '石柱');
INSERT INTO `tb_site` VALUES ('65', '重庆', '重庆', '大足');
INSERT INTO `tb_site` VALUES ('66', '重庆', '重庆', '荣昌');
INSERT INTO `tb_site` VALUES ('67', '重庆', '重庆', '铜梁');
INSERT INTO `tb_site` VALUES ('68', '重庆', '重庆', '璧山');
INSERT INTO `tb_site` VALUES ('69', '重庆', '重庆', '丰都');
INSERT INTO `tb_site` VALUES ('70', '重庆', '重庆', '武隆');
INSERT INTO `tb_site` VALUES ('71', '重庆', '重庆', '彭水');
INSERT INTO `tb_site` VALUES ('72', '重庆', '重庆', '綦江');
INSERT INTO `tb_site` VALUES ('73', '重庆', '重庆', '酉阳');
INSERT INTO `tb_site` VALUES ('74', '重庆', '重庆', '秀山');
INSERT INTO `tb_site` VALUES ('75', '黑龙江', '哈尔滨', '哈尔滨');
INSERT INTO `tb_site` VALUES ('76', '黑龙江', '哈尔滨', '双城');
INSERT INTO `tb_site` VALUES ('77', '黑龙江', '哈尔滨', '呼兰');
INSERT INTO `tb_site` VALUES ('78', '黑龙江', '哈尔滨', '阿城');
INSERT INTO `tb_site` VALUES ('79', '黑龙江', '哈尔滨', '宾县');
INSERT INTO `tb_site` VALUES ('80', '黑龙江', '哈尔滨', '依兰');
INSERT INTO `tb_site` VALUES ('81', '黑龙江', '哈尔滨', '巴彦');
INSERT INTO `tb_site` VALUES ('82', '黑龙江', '哈尔滨', '通河');
INSERT INTO `tb_site` VALUES ('83', '黑龙江', '哈尔滨', '方正');
INSERT INTO `tb_site` VALUES ('84', '黑龙江', '哈尔滨', '延寿');
INSERT INTO `tb_site` VALUES ('85', '黑龙江', '哈尔滨', '尚志');
INSERT INTO `tb_site` VALUES ('86', '黑龙江', '哈尔滨', '五常');
INSERT INTO `tb_site` VALUES ('87', '黑龙江', '哈尔滨', '木兰');
INSERT INTO `tb_site` VALUES ('88', '黑龙江', '齐齐哈尔', '齐齐哈尔');
INSERT INTO `tb_site` VALUES ('89', '黑龙江', '齐齐哈尔', '讷河');
INSERT INTO `tb_site` VALUES ('90', '黑龙江', '齐齐哈尔', '龙江');
INSERT INTO `tb_site` VALUES ('91', '黑龙江', '齐齐哈尔', '甘南');
INSERT INTO `tb_site` VALUES ('92', '黑龙江', '齐齐哈尔', '富裕');
INSERT INTO `tb_site` VALUES ('93', '黑龙江', '齐齐哈尔', '依安');
INSERT INTO `tb_site` VALUES ('94', '黑龙江', '齐齐哈尔', '拜泉');
INSERT INTO `tb_site` VALUES ('95', '黑龙江', '齐齐哈尔', '克山');
INSERT INTO `tb_site` VALUES ('96', '黑龙江', '齐齐哈尔', '克东');
INSERT INTO `tb_site` VALUES ('97', '黑龙江', '齐齐哈尔', '泰来');
INSERT INTO `tb_site` VALUES ('98', '黑龙江', '牡丹江', '牡丹江');
INSERT INTO `tb_site` VALUES ('99', '黑龙江', '牡丹江', '海林');
INSERT INTO `tb_site` VALUES ('100', '黑龙江', '牡丹江', '穆棱');
INSERT INTO `tb_site` VALUES ('101', '黑龙江', '牡丹江', '林口');
INSERT INTO `tb_site` VALUES ('102', '黑龙江', '牡丹江', '绥芬河');
INSERT INTO `tb_site` VALUES ('103', '黑龙江', '牡丹江', '宁安');
INSERT INTO `tb_site` VALUES ('104', '黑龙江', '牡丹江', '东宁');
INSERT INTO `tb_site` VALUES ('105', '黑龙江', '佳木斯', '佳木斯');
INSERT INTO `tb_site` VALUES ('106', '黑龙江', '佳木斯', '汤原');
INSERT INTO `tb_site` VALUES ('107', '黑龙江', '佳木斯', '抚远');
INSERT INTO `tb_site` VALUES ('108', '黑龙江', '佳木斯', '桦川');
INSERT INTO `tb_site` VALUES ('109', '黑龙江', '佳木斯', '桦南');
INSERT INTO `tb_site` VALUES ('110', '黑龙江', '佳木斯', '同江');
INSERT INTO `tb_site` VALUES ('111', '黑龙江', '佳木斯', '富锦');
INSERT INTO `tb_site` VALUES ('112', '黑龙江', '绥化', '绥化');
INSERT INTO `tb_site` VALUES ('113', '黑龙江', '绥化', '肇东');
INSERT INTO `tb_site` VALUES ('114', '黑龙江', '绥化', '安达');
INSERT INTO `tb_site` VALUES ('115', '黑龙江', '绥化', '海伦');
INSERT INTO `tb_site` VALUES ('116', '黑龙江', '绥化', '明水');
INSERT INTO `tb_site` VALUES ('117', '黑龙江', '绥化', '望奎');
INSERT INTO `tb_site` VALUES ('118', '黑龙江', '绥化', '兰西');
INSERT INTO `tb_site` VALUES ('119', '黑龙江', '绥化', '青冈');
INSERT INTO `tb_site` VALUES ('120', '黑龙江', '绥化', '庆安');
INSERT INTO `tb_site` VALUES ('121', '黑龙江', '绥化', '绥棱');
INSERT INTO `tb_site` VALUES ('122', '黑龙江', '黑河', '黑河');
INSERT INTO `tb_site` VALUES ('123', '黑龙江', '黑河', '嫩江');
INSERT INTO `tb_site` VALUES ('124', '黑龙江', '黑河', '孙吴');
INSERT INTO `tb_site` VALUES ('125', '黑龙江', '黑河', '逊克');
INSERT INTO `tb_site` VALUES ('126', '黑龙江', '黑河', '五大连池');
INSERT INTO `tb_site` VALUES ('127', '黑龙江', '黑河', '北安');
INSERT INTO `tb_site` VALUES ('128', '黑龙江', '大兴安岭', '大兴安岭');
INSERT INTO `tb_site` VALUES ('129', '黑龙江', '大兴安岭', '塔河');
INSERT INTO `tb_site` VALUES ('130', '黑龙江', '大兴安岭', '漠河');
INSERT INTO `tb_site` VALUES ('131', '黑龙江', '大兴安岭', '呼玛');
INSERT INTO `tb_site` VALUES ('132', '黑龙江', '大兴安岭', '呼中');
INSERT INTO `tb_site` VALUES ('133', '黑龙江', '大兴安岭', '新林');
INSERT INTO `tb_site` VALUES ('134', '黑龙江', '大兴安岭', '加格达奇');
INSERT INTO `tb_site` VALUES ('135', '黑龙江', '伊春', '伊春');
INSERT INTO `tb_site` VALUES ('136', '黑龙江', '伊春', '乌伊岭');
INSERT INTO `tb_site` VALUES ('137', '黑龙江', '伊春', '五营');
INSERT INTO `tb_site` VALUES ('138', '黑龙江', '伊春', '铁力');
INSERT INTO `tb_site` VALUES ('139', '黑龙江', '伊春', '嘉荫');
INSERT INTO `tb_site` VALUES ('140', '黑龙江', '大庆', '大庆');
INSERT INTO `tb_site` VALUES ('141', '黑龙江', '大庆', '林甸');
INSERT INTO `tb_site` VALUES ('142', '黑龙江', '大庆', '肇州');
INSERT INTO `tb_site` VALUES ('143', '黑龙江', '大庆', '肇源');
INSERT INTO `tb_site` VALUES ('144', '黑龙江', '大庆', '杜尔伯特');
INSERT INTO `tb_site` VALUES ('145', '黑龙江', '七台河', '七台河');
INSERT INTO `tb_site` VALUES ('146', '黑龙江', '七台河', '勃利');
INSERT INTO `tb_site` VALUES ('147', '黑龙江', '鸡西', '鸡西');
INSERT INTO `tb_site` VALUES ('148', '黑龙江', '鸡西', '虎林');
INSERT INTO `tb_site` VALUES ('149', '黑龙江', '鸡西', '密山');
INSERT INTO `tb_site` VALUES ('150', '黑龙江', '鸡西', '鸡东');
INSERT INTO `tb_site` VALUES ('151', '黑龙江', '鹤岗', '鹤岗');
INSERT INTO `tb_site` VALUES ('152', '黑龙江', '鹤岗', '绥滨');
INSERT INTO `tb_site` VALUES ('153', '黑龙江', '鹤岗', '萝北');
INSERT INTO `tb_site` VALUES ('154', '黑龙江', '双鸭山', '双鸭山');
INSERT INTO `tb_site` VALUES ('155', '黑龙江', '双鸭山', '集贤');
INSERT INTO `tb_site` VALUES ('156', '黑龙江', '双鸭山', '宝清');
INSERT INTO `tb_site` VALUES ('157', '黑龙江', '双鸭山', '饶河');
INSERT INTO `tb_site` VALUES ('158', '黑龙江', '双鸭山', '友谊');
INSERT INTO `tb_site` VALUES ('159', '吉林', '长春', '长春');
INSERT INTO `tb_site` VALUES ('160', '吉林', '长春', '农安');
INSERT INTO `tb_site` VALUES ('161', '吉林', '长春', '德惠');
INSERT INTO `tb_site` VALUES ('162', '吉林', '长春', '九台');
INSERT INTO `tb_site` VALUES ('163', '吉林', '长春', '榆树');
INSERT INTO `tb_site` VALUES ('164', '吉林', '长春', '双阳');
INSERT INTO `tb_site` VALUES ('165', '吉林', '吉林', '吉林');
INSERT INTO `tb_site` VALUES ('166', '吉林', '吉林', '舒兰');
INSERT INTO `tb_site` VALUES ('167', '吉林', '吉林', '永吉');
INSERT INTO `tb_site` VALUES ('168', '吉林', '吉林', '蛟河');
INSERT INTO `tb_site` VALUES ('169', '吉林', '吉林', '磐石');
INSERT INTO `tb_site` VALUES ('170', '吉林', '吉林', '桦甸');
INSERT INTO `tb_site` VALUES ('171', '吉林', '延边', '延吉');
INSERT INTO `tb_site` VALUES ('172', '吉林', '延边', '敦化');
INSERT INTO `tb_site` VALUES ('173', '吉林', '延边', '安图');
INSERT INTO `tb_site` VALUES ('174', '吉林', '延边', '汪清');
INSERT INTO `tb_site` VALUES ('175', '吉林', '延边', '和龙');
INSERT INTO `tb_site` VALUES ('176', '吉林', '延边', '龙井');
INSERT INTO `tb_site` VALUES ('177', '吉林', '延边', '珲春');
INSERT INTO `tb_site` VALUES ('178', '吉林', '延边', '图们');
INSERT INTO `tb_site` VALUES ('179', '吉林', '四平', '四平');
INSERT INTO `tb_site` VALUES ('180', '吉林', '四平', '双辽');
INSERT INTO `tb_site` VALUES ('181', '吉林', '四平', '梨树');
INSERT INTO `tb_site` VALUES ('182', '吉林', '四平', '公主岭');
INSERT INTO `tb_site` VALUES ('183', '吉林', '四平', '伊通');
INSERT INTO `tb_site` VALUES ('184', '吉林', '通化', '通化');
INSERT INTO `tb_site` VALUES ('185', '吉林', '通化', '梅河口');
INSERT INTO `tb_site` VALUES ('186', '吉林', '通化', '柳河');
INSERT INTO `tb_site` VALUES ('187', '吉林', '通化', '辉南');
INSERT INTO `tb_site` VALUES ('188', '吉林', '通化', '集安');
INSERT INTO `tb_site` VALUES ('189', '吉林', '通化', '通化县');
INSERT INTO `tb_site` VALUES ('190', '吉林', '白城', '白城');
INSERT INTO `tb_site` VALUES ('191', '吉林', '白城', '洮南');
INSERT INTO `tb_site` VALUES ('192', '吉林', '白城', '大安');
INSERT INTO `tb_site` VALUES ('193', '吉林', '白城', '镇赉');
INSERT INTO `tb_site` VALUES ('194', '吉林', '白城', '通榆');
INSERT INTO `tb_site` VALUES ('195', '吉林', '辽源', '辽源');
INSERT INTO `tb_site` VALUES ('196', '吉林', '辽源', '东丰');
INSERT INTO `tb_site` VALUES ('197', '吉林', '辽源', '东辽');
INSERT INTO `tb_site` VALUES ('198', '吉林', '松原', '松原');
INSERT INTO `tb_site` VALUES ('199', '吉林', '松原', '乾安');
INSERT INTO `tb_site` VALUES ('200', '吉林', '松原', '前郭');
INSERT INTO `tb_site` VALUES ('201', '吉林', '松原', '长岭');
INSERT INTO `tb_site` VALUES ('202', '吉林', '松原', '扶余');
INSERT INTO `tb_site` VALUES ('203', '吉林', '白山', '白山');
INSERT INTO `tb_site` VALUES ('204', '吉林', '白山', '靖宇');
INSERT INTO `tb_site` VALUES ('205', '吉林', '白山', '临江');
INSERT INTO `tb_site` VALUES ('206', '吉林', '白山', '东岗');
INSERT INTO `tb_site` VALUES ('207', '吉林', '白山', '长白');
INSERT INTO `tb_site` VALUES ('208', '吉林', '白山', '抚松');
INSERT INTO `tb_site` VALUES ('209', '吉林', '白山', '江源');
INSERT INTO `tb_site` VALUES ('210', '辽宁', '沈阳', '沈阳');
INSERT INTO `tb_site` VALUES ('211', '辽宁', '沈阳', '辽中');
INSERT INTO `tb_site` VALUES ('212', '辽宁', '沈阳', '康平');
INSERT INTO `tb_site` VALUES ('213', '辽宁', '沈阳', '法库');
INSERT INTO `tb_site` VALUES ('214', '辽宁', '沈阳', '新民');
INSERT INTO `tb_site` VALUES ('215', '辽宁', '大连', '大连');
INSERT INTO `tb_site` VALUES ('216', '辽宁', '大连', '瓦房店');
INSERT INTO `tb_site` VALUES ('217', '辽宁', '大连', '金州');
INSERT INTO `tb_site` VALUES ('218', '辽宁', '大连', '普兰店');
INSERT INTO `tb_site` VALUES ('219', '辽宁', '大连', '旅顺');
INSERT INTO `tb_site` VALUES ('220', '辽宁', '大连', '长海');
INSERT INTO `tb_site` VALUES ('221', '辽宁', '大连', '庄河');
INSERT INTO `tb_site` VALUES ('222', '辽宁', '鞍山', '鞍山');
INSERT INTO `tb_site` VALUES ('223', '辽宁', '鞍山', '台安');
INSERT INTO `tb_site` VALUES ('224', '辽宁', '鞍山', '岫岩');
INSERT INTO `tb_site` VALUES ('225', '辽宁', '鞍山', '海城');
INSERT INTO `tb_site` VALUES ('226', '辽宁', '抚顺', '抚顺');
INSERT INTO `tb_site` VALUES ('227', '辽宁', '抚顺', '新宾');
INSERT INTO `tb_site` VALUES ('228', '辽宁', '抚顺', '清原');
INSERT INTO `tb_site` VALUES ('229', '辽宁', '抚顺', '章党');
INSERT INTO `tb_site` VALUES ('230', '辽宁', '本溪', '本溪');
INSERT INTO `tb_site` VALUES ('231', '辽宁', '本溪', '本溪县');
INSERT INTO `tb_site` VALUES ('232', '辽宁', '本溪', '桓仁');
INSERT INTO `tb_site` VALUES ('233', '辽宁', '丹东', '丹东');
INSERT INTO `tb_site` VALUES ('234', '辽宁', '丹东', '凤城');
INSERT INTO `tb_site` VALUES ('235', '辽宁', '丹东', '宽甸');
INSERT INTO `tb_site` VALUES ('236', '辽宁', '丹东', '东港');
INSERT INTO `tb_site` VALUES ('237', '辽宁', '锦州', '锦州');
INSERT INTO `tb_site` VALUES ('238', '辽宁', '锦州', '凌海');
INSERT INTO `tb_site` VALUES ('239', '辽宁', '锦州', '义县');
INSERT INTO `tb_site` VALUES ('240', '辽宁', '锦州', '黑山');
INSERT INTO `tb_site` VALUES ('241', '辽宁', '锦州', '北镇');
INSERT INTO `tb_site` VALUES ('242', '辽宁', '营口', '营口');
INSERT INTO `tb_site` VALUES ('243', '辽宁', '营口', '大石桥');
INSERT INTO `tb_site` VALUES ('244', '辽宁', '营口', '盖州');
INSERT INTO `tb_site` VALUES ('245', '辽宁', '阜新', '阜新');
INSERT INTO `tb_site` VALUES ('246', '辽宁', '阜新', '彰武');
INSERT INTO `tb_site` VALUES ('247', '辽宁', '辽阳', '辽阳');
INSERT INTO `tb_site` VALUES ('248', '辽宁', '辽阳', '辽阳县');
INSERT INTO `tb_site` VALUES ('249', '辽宁', '辽阳', '灯塔');
INSERT INTO `tb_site` VALUES ('250', '辽宁', '辽阳', '弓长岭');
INSERT INTO `tb_site` VALUES ('251', '辽宁', '铁岭', '铁岭');
INSERT INTO `tb_site` VALUES ('252', '辽宁', '铁岭', '开原');
INSERT INTO `tb_site` VALUES ('253', '辽宁', '铁岭', '昌图');
INSERT INTO `tb_site` VALUES ('254', '辽宁', '铁岭', '西丰');
INSERT INTO `tb_site` VALUES ('255', '辽宁', '铁岭', '铁法');
INSERT INTO `tb_site` VALUES ('256', '辽宁', '朝阳', '朝阳');
INSERT INTO `tb_site` VALUES ('257', '辽宁', '朝阳', '凌源');
INSERT INTO `tb_site` VALUES ('258', '辽宁', '朝阳', '喀左');
INSERT INTO `tb_site` VALUES ('259', '辽宁', '朝阳', '北票');
INSERT INTO `tb_site` VALUES ('260', '辽宁', '朝阳', '建平县');
INSERT INTO `tb_site` VALUES ('261', '辽宁', '盘锦', '盘锦');
INSERT INTO `tb_site` VALUES ('262', '辽宁', '盘锦', '大洼');
INSERT INTO `tb_site` VALUES ('263', '辽宁', '盘锦', '盘山');
INSERT INTO `tb_site` VALUES ('264', '辽宁', '葫芦岛', '葫芦岛');
INSERT INTO `tb_site` VALUES ('265', '辽宁', '葫芦岛', '建昌');
INSERT INTO `tb_site` VALUES ('266', '辽宁', '葫芦岛', '绥中');
INSERT INTO `tb_site` VALUES ('267', '辽宁', '葫芦岛', '兴城');
INSERT INTO `tb_site` VALUES ('268', '内蒙古', '呼和浩特', '呼和浩特');
INSERT INTO `tb_site` VALUES ('269', '内蒙古', '呼和浩特', '土左旗');
INSERT INTO `tb_site` VALUES ('270', '内蒙古', '呼和浩特', '托县');
INSERT INTO `tb_site` VALUES ('271', '内蒙古', '呼和浩特', '和林');
INSERT INTO `tb_site` VALUES ('272', '内蒙古', '呼和浩特', '清水河');
INSERT INTO `tb_site` VALUES ('273', '内蒙古', '呼和浩特', '呼市郊区');
INSERT INTO `tb_site` VALUES ('274', '内蒙古', '呼和浩特', '武川');
INSERT INTO `tb_site` VALUES ('275', '内蒙古', '包头', '包头');
INSERT INTO `tb_site` VALUES ('276', '内蒙古', '包头', '白云鄂博');
INSERT INTO `tb_site` VALUES ('277', '内蒙古', '包头', '满都拉');
INSERT INTO `tb_site` VALUES ('278', '内蒙古', '包头', '土右旗');
INSERT INTO `tb_site` VALUES ('279', '内蒙古', '包头', '固阳');
INSERT INTO `tb_site` VALUES ('280', '内蒙古', '包头', '达茂旗');
INSERT INTO `tb_site` VALUES ('281', '内蒙古', '包头', '希拉穆仁');
INSERT INTO `tb_site` VALUES ('282', '内蒙古', '乌海', '乌海');
INSERT INTO `tb_site` VALUES ('283', '内蒙古', '乌兰察布', '集宁');
INSERT INTO `tb_site` VALUES ('284', '内蒙古', '乌兰察布', '卓资');
INSERT INTO `tb_site` VALUES ('285', '内蒙古', '乌兰察布', '化德');
INSERT INTO `tb_site` VALUES ('286', '内蒙古', '乌兰察布', '商都');
INSERT INTO `tb_site` VALUES ('287', '内蒙古', '乌兰察布', '兴和');
INSERT INTO `tb_site` VALUES ('288', '内蒙古', '乌兰察布', '凉城');
INSERT INTO `tb_site` VALUES ('289', '内蒙古', '乌兰察布', '察右前旗');
INSERT INTO `tb_site` VALUES ('290', '内蒙古', '乌兰察布', '察右中旗');
INSERT INTO `tb_site` VALUES ('291', '内蒙古', '乌兰察布', '察右后旗');
INSERT INTO `tb_site` VALUES ('292', '内蒙古', '乌兰察布', '四子王旗');
INSERT INTO `tb_site` VALUES ('293', '内蒙古', '乌兰察布', '丰镇');
INSERT INTO `tb_site` VALUES ('294', '内蒙古', '通辽', '通辽');
INSERT INTO `tb_site` VALUES ('295', '内蒙古', '通辽', '舍伯吐');
INSERT INTO `tb_site` VALUES ('296', '内蒙古', '通辽', '科左中旗');
INSERT INTO `tb_site` VALUES ('297', '内蒙古', '通辽', '科左后旗');
INSERT INTO `tb_site` VALUES ('298', '内蒙古', '通辽', '青龙山');
INSERT INTO `tb_site` VALUES ('299', '内蒙古', '通辽', '开鲁');
INSERT INTO `tb_site` VALUES ('300', '内蒙古', '通辽', '库伦');
INSERT INTO `tb_site` VALUES ('301', '内蒙古', '通辽', '奈曼');
INSERT INTO `tb_site` VALUES ('302', '内蒙古', '通辽', '扎鲁特');
INSERT INTO `tb_site` VALUES ('303', '内蒙古', '兴安盟', '高力板');
INSERT INTO `tb_site` VALUES ('304', '内蒙古', '通辽', '巴雅尔吐胡硕');
INSERT INTO `tb_site` VALUES ('305', '内蒙古', '赤峰', '赤峰');
INSERT INTO `tb_site` VALUES ('306', '内蒙古', '赤峰', '阿鲁旗');
INSERT INTO `tb_site` VALUES ('307', '内蒙古', '赤峰', '浩尔吐');
INSERT INTO `tb_site` VALUES ('308', '内蒙古', '赤峰', '巴林左旗');
INSERT INTO `tb_site` VALUES ('309', '内蒙古', '赤峰', '巴林右旗');
INSERT INTO `tb_site` VALUES ('310', '内蒙古', '赤峰', '林西');
INSERT INTO `tb_site` VALUES ('311', '内蒙古', '赤峰', '克什克腾');
INSERT INTO `tb_site` VALUES ('312', '内蒙古', '赤峰', '翁牛特');
INSERT INTO `tb_site` VALUES ('313', '内蒙古', '赤峰', '岗子');
INSERT INTO `tb_site` VALUES ('314', '内蒙古', '赤峰', '喀喇沁');
INSERT INTO `tb_site` VALUES ('315', '内蒙古', '赤峰', '八里罕');
INSERT INTO `tb_site` VALUES ('316', '内蒙古', '赤峰', '宁城');
INSERT INTO `tb_site` VALUES ('317', '内蒙古', '赤峰', '敖汉');
INSERT INTO `tb_site` VALUES ('318', '内蒙古', '赤峰', '宝国吐');
INSERT INTO `tb_site` VALUES ('319', '内蒙古', '鄂尔多斯', '鄂尔多斯');
INSERT INTO `tb_site` VALUES ('320', '内蒙古', '鄂尔多斯', '达拉特');
INSERT INTO `tb_site` VALUES ('321', '内蒙古', '鄂尔多斯', '准格尔');
INSERT INTO `tb_site` VALUES ('322', '内蒙古', '鄂尔多斯', '鄂前旗');
INSERT INTO `tb_site` VALUES ('323', '内蒙古', '鄂尔多斯', '河南');
INSERT INTO `tb_site` VALUES ('324', '内蒙古', '鄂尔多斯', '伊克乌素');
INSERT INTO `tb_site` VALUES ('325', '内蒙古', '鄂尔多斯', '鄂托克');
INSERT INTO `tb_site` VALUES ('326', '内蒙古', '鄂尔多斯', '杭锦旗');
INSERT INTO `tb_site` VALUES ('327', '内蒙古', '鄂尔多斯', '乌审旗');
INSERT INTO `tb_site` VALUES ('328', '内蒙古', '鄂尔多斯', '伊金霍洛');
INSERT INTO `tb_site` VALUES ('329', '内蒙古', '鄂尔多斯', '乌审召');
INSERT INTO `tb_site` VALUES ('330', '内蒙古', '鄂尔多斯', '东胜');
INSERT INTO `tb_site` VALUES ('331', '内蒙古', '巴彦淖尔', '临河');
INSERT INTO `tb_site` VALUES ('332', '内蒙古', '巴彦淖尔', '五原');
INSERT INTO `tb_site` VALUES ('333', '内蒙古', '巴彦淖尔', '磴口');
INSERT INTO `tb_site` VALUES ('334', '内蒙古', '巴彦淖尔', '乌前旗');
INSERT INTO `tb_site` VALUES ('335', '内蒙古', '巴彦淖尔', '大佘太');
INSERT INTO `tb_site` VALUES ('336', '内蒙古', '巴彦淖尔', '乌中旗');
INSERT INTO `tb_site` VALUES ('337', '内蒙古', '巴彦淖尔', '乌后旗');
INSERT INTO `tb_site` VALUES ('338', '内蒙古', '巴彦淖尔', '海力素');
INSERT INTO `tb_site` VALUES ('339', '内蒙古', '巴彦淖尔', '那仁宝力格');
INSERT INTO `tb_site` VALUES ('340', '内蒙古', '巴彦淖尔', '杭锦后旗');
INSERT INTO `tb_site` VALUES ('341', '内蒙古', '锡林郭勒', '锡林浩特');
INSERT INTO `tb_site` VALUES ('342', '内蒙古', '锡林郭勒', '二连浩特');
INSERT INTO `tb_site` VALUES ('343', '内蒙古', '锡林郭勒', '阿巴嘎');
INSERT INTO `tb_site` VALUES ('344', '内蒙古', '锡林郭勒', '苏左旗');
INSERT INTO `tb_site` VALUES ('345', '内蒙古', '锡林郭勒', '苏右旗');
INSERT INTO `tb_site` VALUES ('346', '内蒙古', '锡林郭勒', '朱日和');
INSERT INTO `tb_site` VALUES ('347', '内蒙古', '锡林郭勒', '东乌旗');
INSERT INTO `tb_site` VALUES ('348', '内蒙古', '锡林郭勒', '西乌旗');
INSERT INTO `tb_site` VALUES ('349', '内蒙古', '锡林郭勒', '太仆寺');
INSERT INTO `tb_site` VALUES ('350', '内蒙古', '锡林郭勒', '镶黄旗');
INSERT INTO `tb_site` VALUES ('351', '内蒙古', '锡林郭勒', '正镶白旗');
INSERT INTO `tb_site` VALUES ('352', '内蒙古', '锡林郭勒', '正兰旗');
INSERT INTO `tb_site` VALUES ('353', '内蒙古', '锡林郭勒', '多伦');
INSERT INTO `tb_site` VALUES ('354', '内蒙古', '锡林郭勒', '博克图');
INSERT INTO `tb_site` VALUES ('355', '内蒙古', '锡林郭勒', '乌拉盖');
INSERT INTO `tb_site` VALUES ('356', '内蒙古', '呼伦贝尔', '呼伦贝尔');
INSERT INTO `tb_site` VALUES ('357', '内蒙古', '呼伦贝尔', '海拉尔');
INSERT INTO `tb_site` VALUES ('358', '内蒙古', '呼伦贝尔', '小二沟');
INSERT INTO `tb_site` VALUES ('359', '内蒙古', '呼伦贝尔', '阿荣旗');
INSERT INTO `tb_site` VALUES ('360', '内蒙古', '呼伦贝尔', '莫力达瓦');
INSERT INTO `tb_site` VALUES ('361', '内蒙古', '呼伦贝尔', '鄂伦春旗');
INSERT INTO `tb_site` VALUES ('362', '内蒙古', '呼伦贝尔', '鄂温克旗');
INSERT INTO `tb_site` VALUES ('363', '内蒙古', '呼伦贝尔', '陈旗');
INSERT INTO `tb_site` VALUES ('364', '内蒙古', '呼伦贝尔', '新左旗');
INSERT INTO `tb_site` VALUES ('365', '内蒙古', '呼伦贝尔', '新右旗');
INSERT INTO `tb_site` VALUES ('366', '内蒙古', '呼伦贝尔', '满洲里');
INSERT INTO `tb_site` VALUES ('367', '内蒙古', '呼伦贝尔', '牙克石');
INSERT INTO `tb_site` VALUES ('368', '内蒙古', '呼伦贝尔', '扎兰屯');
INSERT INTO `tb_site` VALUES ('369', '内蒙古', '呼伦贝尔', '额尔古纳');
INSERT INTO `tb_site` VALUES ('370', '内蒙古', '呼伦贝尔', '根河');
INSERT INTO `tb_site` VALUES ('371', '内蒙古', '呼伦贝尔', '图里河');
INSERT INTO `tb_site` VALUES ('372', '内蒙古', '兴安盟', '乌兰浩特');
INSERT INTO `tb_site` VALUES ('373', '内蒙古', '兴安盟', '阿尔山');
INSERT INTO `tb_site` VALUES ('374', '内蒙古', '兴安盟', '科右中旗');
INSERT INTO `tb_site` VALUES ('375', '内蒙古', '兴安盟', '胡尔勒');
INSERT INTO `tb_site` VALUES ('376', '内蒙古', '兴安盟', '扎赉特');
INSERT INTO `tb_site` VALUES ('377', '内蒙古', '兴安盟', '索伦');
INSERT INTO `tb_site` VALUES ('378', '内蒙古', '兴安盟', '突泉');
INSERT INTO `tb_site` VALUES ('379', '内蒙古', '通辽', '霍林郭勒');
INSERT INTO `tb_site` VALUES ('380', '内蒙古', '兴安盟', '科右前旗');
INSERT INTO `tb_site` VALUES ('381', '内蒙古', '阿拉善盟', '阿左旗');
INSERT INTO `tb_site` VALUES ('382', '内蒙古', '阿拉善盟', '阿右旗');
INSERT INTO `tb_site` VALUES ('383', '内蒙古', '阿拉善盟', '额济纳');
INSERT INTO `tb_site` VALUES ('384', '内蒙古', '阿拉善盟', '拐子湖');
INSERT INTO `tb_site` VALUES ('385', '内蒙古', '阿拉善盟', '吉兰太');
INSERT INTO `tb_site` VALUES ('386', '内蒙古', '阿拉善盟', '锡林高勒');
INSERT INTO `tb_site` VALUES ('387', '内蒙古', '阿拉善盟', '头道湖');
INSERT INTO `tb_site` VALUES ('388', '内蒙古', '阿拉善盟', '中泉子');
INSERT INTO `tb_site` VALUES ('389', '内蒙古', '阿拉善盟', '诺尔公');
INSERT INTO `tb_site` VALUES ('390', '内蒙古', '阿拉善盟', '雅布赖');
INSERT INTO `tb_site` VALUES ('391', '内蒙古', '阿拉善盟', '乌斯泰');
INSERT INTO `tb_site` VALUES ('392', '内蒙古', '阿拉善盟', '孪井滩');
INSERT INTO `tb_site` VALUES ('393', '河北', '石家庄', '石家庄');
INSERT INTO `tb_site` VALUES ('394', '河北', '石家庄', '井陉');
INSERT INTO `tb_site` VALUES ('395', '河北', '石家庄', '正定');
INSERT INTO `tb_site` VALUES ('396', '河北', '石家庄', '栾城');
INSERT INTO `tb_site` VALUES ('397', '河北', '石家庄', '行唐');
INSERT INTO `tb_site` VALUES ('398', '河北', '石家庄', '灵寿');
INSERT INTO `tb_site` VALUES ('399', '河北', '石家庄', '高邑');
INSERT INTO `tb_site` VALUES ('400', '河北', '石家庄', '深泽');
INSERT INTO `tb_site` VALUES ('401', '河北', '石家庄', '赞皇');
INSERT INTO `tb_site` VALUES ('402', '河北', '石家庄', '无极');
INSERT INTO `tb_site` VALUES ('403', '河北', '石家庄', '平山');
INSERT INTO `tb_site` VALUES ('404', '河北', '石家庄', '元氏');
INSERT INTO `tb_site` VALUES ('405', '河北', '石家庄', '赵县');
INSERT INTO `tb_site` VALUES ('406', '河北', '石家庄', '辛集');
INSERT INTO `tb_site` VALUES ('407', '河北', '石家庄', '藁城');
INSERT INTO `tb_site` VALUES ('408', '河北', '石家庄', '晋州');
INSERT INTO `tb_site` VALUES ('409', '河北', '石家庄', '新乐');
INSERT INTO `tb_site` VALUES ('410', '河北', '石家庄', '鹿泉');
INSERT INTO `tb_site` VALUES ('411', '河北', '保定', '保定');
INSERT INTO `tb_site` VALUES ('412', '河北', '保定', '满城');
INSERT INTO `tb_site` VALUES ('413', '河北', '保定', '阜平');
INSERT INTO `tb_site` VALUES ('414', '河北', '保定', '徐水');
INSERT INTO `tb_site` VALUES ('415', '河北', '保定', '唐县');
INSERT INTO `tb_site` VALUES ('416', '河北', '保定', '高阳');
INSERT INTO `tb_site` VALUES ('417', '河北', '保定', '容城');
INSERT INTO `tb_site` VALUES ('418', '河北', '保定', '涞源');
INSERT INTO `tb_site` VALUES ('419', '河北', '保定', '望都');
INSERT INTO `tb_site` VALUES ('420', '河北', '保定', '安新');
INSERT INTO `tb_site` VALUES ('421', '河北', '保定', '易县');
INSERT INTO `tb_site` VALUES ('422', '河北', '保定', '曲阳');
INSERT INTO `tb_site` VALUES ('423', '河北', '保定', '蠡县');
INSERT INTO `tb_site` VALUES ('424', '河北', '保定', '顺平');
INSERT INTO `tb_site` VALUES ('425', '河北', '保定', '雄县');
INSERT INTO `tb_site` VALUES ('426', '河北', '保定', '涿州');
INSERT INTO `tb_site` VALUES ('427', '河北', '保定', '定州');
INSERT INTO `tb_site` VALUES ('428', '河北', '保定', '安国');
INSERT INTO `tb_site` VALUES ('429', '河北', '保定', '高碑店');
INSERT INTO `tb_site` VALUES ('430', '河北', '保定', '涞水');
INSERT INTO `tb_site` VALUES ('431', '河北', '保定', '定兴');
INSERT INTO `tb_site` VALUES ('432', '河北', '保定', '清苑');
INSERT INTO `tb_site` VALUES ('433', '河北', '保定', '博野');
INSERT INTO `tb_site` VALUES ('434', '河北', '张家口', '张家口');
INSERT INTO `tb_site` VALUES ('435', '河北', '张家口', '宣化');
INSERT INTO `tb_site` VALUES ('436', '河北', '张家口', '张北');
INSERT INTO `tb_site` VALUES ('437', '河北', '张家口', '康保');
INSERT INTO `tb_site` VALUES ('438', '河北', '张家口', '沽源');
INSERT INTO `tb_site` VALUES ('439', '河北', '张家口', '尚义');
INSERT INTO `tb_site` VALUES ('440', '河北', '张家口', '蔚县');
INSERT INTO `tb_site` VALUES ('441', '河北', '张家口', '阳原');
INSERT INTO `tb_site` VALUES ('442', '河北', '张家口', '怀安');
INSERT INTO `tb_site` VALUES ('443', '河北', '张家口', '万全');
INSERT INTO `tb_site` VALUES ('444', '河北', '张家口', '怀来');
INSERT INTO `tb_site` VALUES ('445', '河北', '张家口', '涿鹿');
INSERT INTO `tb_site` VALUES ('446', '河北', '张家口', '赤城');
INSERT INTO `tb_site` VALUES ('447', '河北', '张家口', '崇礼');
INSERT INTO `tb_site` VALUES ('448', '河北', '承德', '承德');
INSERT INTO `tb_site` VALUES ('449', '河北', '承德', '承德县');
INSERT INTO `tb_site` VALUES ('450', '河北', '承德', '兴隆');
INSERT INTO `tb_site` VALUES ('451', '河北', '承德', '平泉');
INSERT INTO `tb_site` VALUES ('452', '河北', '承德', '滦平');
INSERT INTO `tb_site` VALUES ('453', '河北', '承德', '隆化');
INSERT INTO `tb_site` VALUES ('454', '河北', '承德', '丰宁');
INSERT INTO `tb_site` VALUES ('455', '河北', '承德', '宽城');
INSERT INTO `tb_site` VALUES ('456', '河北', '承德', '围场');
INSERT INTO `tb_site` VALUES ('457', '河北', '唐山', '唐山');
INSERT INTO `tb_site` VALUES ('458', '河北', '唐山', '丰南');
INSERT INTO `tb_site` VALUES ('459', '河北', '唐山', '丰润');
INSERT INTO `tb_site` VALUES ('460', '河北', '唐山', '滦县');
INSERT INTO `tb_site` VALUES ('461', '河北', '唐山', '滦南');
INSERT INTO `tb_site` VALUES ('462', '河北', '唐山', '乐亭');
INSERT INTO `tb_site` VALUES ('463', '河北', '唐山', '迁西');
INSERT INTO `tb_site` VALUES ('464', '河北', '唐山', '玉田');
INSERT INTO `tb_site` VALUES ('465', '河北', '唐山', '唐海');
INSERT INTO `tb_site` VALUES ('466', '河北', '唐山', '遵化');
INSERT INTO `tb_site` VALUES ('467', '河北', '唐山', '迁安');
INSERT INTO `tb_site` VALUES ('468', '河北', '唐山', '曹妃甸');
INSERT INTO `tb_site` VALUES ('469', '河北', '廊坊', '廊坊');
INSERT INTO `tb_site` VALUES ('470', '河北', '廊坊', '固安');
INSERT INTO `tb_site` VALUES ('471', '河北', '廊坊', '永清');
INSERT INTO `tb_site` VALUES ('472', '河北', '廊坊', '香河');
INSERT INTO `tb_site` VALUES ('473', '河北', '廊坊', '大城');
INSERT INTO `tb_site` VALUES ('474', '河北', '廊坊', '文安');
INSERT INTO `tb_site` VALUES ('475', '河北', '廊坊', '大厂');
INSERT INTO `tb_site` VALUES ('476', '河北', '廊坊', '霸州');
INSERT INTO `tb_site` VALUES ('477', '河北', '廊坊', '三河');
INSERT INTO `tb_site` VALUES ('478', '河北', '沧州', '沧州');
INSERT INTO `tb_site` VALUES ('479', '河北', '沧州', '青县');
INSERT INTO `tb_site` VALUES ('480', '河北', '沧州', '东光');
INSERT INTO `tb_site` VALUES ('481', '河北', '沧州', '海兴');
INSERT INTO `tb_site` VALUES ('482', '河北', '沧州', '盐山');
INSERT INTO `tb_site` VALUES ('483', '河北', '沧州', '肃宁');
INSERT INTO `tb_site` VALUES ('484', '河北', '沧州', '南皮');
INSERT INTO `tb_site` VALUES ('485', '河北', '沧州', '吴桥');
INSERT INTO `tb_site` VALUES ('486', '河北', '沧州', '献县');
INSERT INTO `tb_site` VALUES ('487', '河北', '沧州', '孟村');
INSERT INTO `tb_site` VALUES ('488', '河北', '沧州', '泊头');
INSERT INTO `tb_site` VALUES ('489', '河北', '沧州', '任丘');
INSERT INTO `tb_site` VALUES ('490', '河北', '沧州', '黄骅');
INSERT INTO `tb_site` VALUES ('491', '河北', '沧州', '河间');
INSERT INTO `tb_site` VALUES ('492', '河北', '沧州', '沧县');
INSERT INTO `tb_site` VALUES ('493', '河北', '衡水', '衡水');
INSERT INTO `tb_site` VALUES ('494', '河北', '衡水', '枣强');
INSERT INTO `tb_site` VALUES ('495', '河北', '衡水', '武邑');
INSERT INTO `tb_site` VALUES ('496', '河北', '衡水', '武强');
INSERT INTO `tb_site` VALUES ('497', '河北', '衡水', '饶阳');
INSERT INTO `tb_site` VALUES ('498', '河北', '衡水', '安平');
INSERT INTO `tb_site` VALUES ('499', '河北', '衡水', '故城');
INSERT INTO `tb_site` VALUES ('500', '河北', '衡水', '景县');
INSERT INTO `tb_site` VALUES ('501', '河北', '衡水', '阜城');
INSERT INTO `tb_site` VALUES ('502', '河北', '衡水', '冀州');
INSERT INTO `tb_site` VALUES ('503', '河北', '衡水', '深州');
INSERT INTO `tb_site` VALUES ('504', '河北', '邢台', '邢台');
INSERT INTO `tb_site` VALUES ('505', '河北', '邢台', '临城');
INSERT INTO `tb_site` VALUES ('506', '河北', '邢台', '内丘');
INSERT INTO `tb_site` VALUES ('507', '河北', '邢台', '柏乡');
INSERT INTO `tb_site` VALUES ('508', '河北', '邢台', '隆尧');
INSERT INTO `tb_site` VALUES ('509', '河北', '邢台', '南和');
INSERT INTO `tb_site` VALUES ('510', '河北', '邢台', '宁晋');
INSERT INTO `tb_site` VALUES ('511', '河北', '邢台', '巨鹿');
INSERT INTO `tb_site` VALUES ('512', '河北', '邢台', '新河');
INSERT INTO `tb_site` VALUES ('513', '河北', '邢台', '广宗');
INSERT INTO `tb_site` VALUES ('514', '河北', '邢台', '平乡');
INSERT INTO `tb_site` VALUES ('515', '河北', '邢台', '威县');
INSERT INTO `tb_site` VALUES ('516', '河北', '邢台', '清河');
INSERT INTO `tb_site` VALUES ('517', '河北', '邢台', '临西');
INSERT INTO `tb_site` VALUES ('518', '河北', '邢台', '南宫');
INSERT INTO `tb_site` VALUES ('519', '河北', '邢台', '沙河');
INSERT INTO `tb_site` VALUES ('520', '河北', '邢台', '任县');
INSERT INTO `tb_site` VALUES ('521', '河北', '邯郸', '邯郸');
INSERT INTO `tb_site` VALUES ('522', '河北', '邯郸', '峰峰');
INSERT INTO `tb_site` VALUES ('523', '河北', '邯郸', '临漳');
INSERT INTO `tb_site` VALUES ('524', '河北', '邯郸', '成安');
INSERT INTO `tb_site` VALUES ('525', '河北', '邯郸', '大名');
INSERT INTO `tb_site` VALUES ('526', '河北', '邯郸', '涉县');
INSERT INTO `tb_site` VALUES ('527', '河北', '邯郸', '磁县');
INSERT INTO `tb_site` VALUES ('528', '河北', '邯郸', '肥乡');
INSERT INTO `tb_site` VALUES ('529', '河北', '邯郸', '永年');
INSERT INTO `tb_site` VALUES ('530', '河北', '邯郸', '邱县');
INSERT INTO `tb_site` VALUES ('531', '河北', '邯郸', '鸡泽');
INSERT INTO `tb_site` VALUES ('532', '河北', '邯郸', '广平');
INSERT INTO `tb_site` VALUES ('533', '河北', '邯郸', '馆陶');
INSERT INTO `tb_site` VALUES ('534', '河北', '邯郸', '魏县');
INSERT INTO `tb_site` VALUES ('535', '河北', '邯郸', '曲周');
INSERT INTO `tb_site` VALUES ('536', '河北', '邯郸', '武安');
INSERT INTO `tb_site` VALUES ('537', '河北', '秦皇岛', '秦皇岛');
INSERT INTO `tb_site` VALUES ('538', '河北', '秦皇岛', '青龙');
INSERT INTO `tb_site` VALUES ('539', '河北', '秦皇岛', '昌黎');
INSERT INTO `tb_site` VALUES ('540', '河北', '秦皇岛', '抚宁');
INSERT INTO `tb_site` VALUES ('541', '河北', '秦皇岛', '卢龙');
INSERT INTO `tb_site` VALUES ('542', '河北', '秦皇岛', '北戴河');
INSERT INTO `tb_site` VALUES ('543', '山西', '太原', '太原');
INSERT INTO `tb_site` VALUES ('544', '山西', '太原', '清徐');
INSERT INTO `tb_site` VALUES ('545', '山西', '太原', '阳曲');
INSERT INTO `tb_site` VALUES ('546', '山西', '太原', '娄烦');
INSERT INTO `tb_site` VALUES ('547', '山西', '太原', '古交');
INSERT INTO `tb_site` VALUES ('548', '山西', '太原', '尖草坪区');
INSERT INTO `tb_site` VALUES ('549', '山西', '太原', '小店区');
INSERT INTO `tb_site` VALUES ('550', '山西', '大同', '大同');
INSERT INTO `tb_site` VALUES ('551', '山西', '大同', '阳高');
INSERT INTO `tb_site` VALUES ('552', '山西', '大同', '大同县');
INSERT INTO `tb_site` VALUES ('553', '山西', '大同', '天镇');
INSERT INTO `tb_site` VALUES ('554', '山西', '大同', '广灵');
INSERT INTO `tb_site` VALUES ('555', '山西', '大同', '灵丘');
INSERT INTO `tb_site` VALUES ('556', '山西', '大同', '浑源');
INSERT INTO `tb_site` VALUES ('557', '山西', '大同', '左云');
INSERT INTO `tb_site` VALUES ('558', '山西', '阳泉', '阳泉');
INSERT INTO `tb_site` VALUES ('559', '山西', '阳泉', '盂县');
INSERT INTO `tb_site` VALUES ('560', '山西', '阳泉', '平定');
INSERT INTO `tb_site` VALUES ('561', '山西', '晋中', '晋中');
INSERT INTO `tb_site` VALUES ('562', '山西', '晋中', '榆次');
INSERT INTO `tb_site` VALUES ('563', '山西', '晋中', '榆社');
INSERT INTO `tb_site` VALUES ('564', '山西', '晋中', '左权');
INSERT INTO `tb_site` VALUES ('565', '山西', '晋中', '和顺');
INSERT INTO `tb_site` VALUES ('566', '山西', '晋中', '昔阳');
INSERT INTO `tb_site` VALUES ('567', '山西', '晋中', '寿阳');
INSERT INTO `tb_site` VALUES ('568', '山西', '晋中', '太谷');
INSERT INTO `tb_site` VALUES ('569', '山西', '晋中', '祁县');
INSERT INTO `tb_site` VALUES ('570', '山西', '晋中', '平遥');
INSERT INTO `tb_site` VALUES ('571', '山西', '晋中', '灵石');
INSERT INTO `tb_site` VALUES ('572', '山西', '晋中', '介休');
INSERT INTO `tb_site` VALUES ('573', '山西', '长治', '长治');
INSERT INTO `tb_site` VALUES ('574', '山西', '长治', '黎城');
INSERT INTO `tb_site` VALUES ('575', '山西', '长治', '屯留');
INSERT INTO `tb_site` VALUES ('576', '山西', '长治', '潞城');
INSERT INTO `tb_site` VALUES ('577', '山西', '长治', '襄垣');
INSERT INTO `tb_site` VALUES ('578', '山西', '长治', '平顺');
INSERT INTO `tb_site` VALUES ('579', '山西', '长治', '武乡');
INSERT INTO `tb_site` VALUES ('580', '山西', '长治', '沁县');
INSERT INTO `tb_site` VALUES ('581', '山西', '长治', '长子');
INSERT INTO `tb_site` VALUES ('582', '山西', '长治', '沁源');
INSERT INTO `tb_site` VALUES ('583', '山西', '长治', '壶关');
INSERT INTO `tb_site` VALUES ('584', '山西', '晋城', '晋城');
INSERT INTO `tb_site` VALUES ('585', '山西', '晋城', '沁水');
INSERT INTO `tb_site` VALUES ('586', '山西', '晋城', '阳城');
INSERT INTO `tb_site` VALUES ('587', '山西', '晋城', '陵川');
INSERT INTO `tb_site` VALUES ('588', '山西', '晋城', '高平');
INSERT INTO `tb_site` VALUES ('589', '山西', '晋城', '泽州');
INSERT INTO `tb_site` VALUES ('590', '山西', '临汾', '临汾');
INSERT INTO `tb_site` VALUES ('591', '山西', '临汾', '曲沃');
INSERT INTO `tb_site` VALUES ('592', '山西', '临汾', '永和');
INSERT INTO `tb_site` VALUES ('593', '山西', '临汾', '隰县');
INSERT INTO `tb_site` VALUES ('594', '山西', '临汾', '大宁');
INSERT INTO `tb_site` VALUES ('595', '山西', '临汾', '吉县');
INSERT INTO `tb_site` VALUES ('596', '山西', '临汾', '襄汾');
INSERT INTO `tb_site` VALUES ('597', '山西', '临汾', '蒲县');
INSERT INTO `tb_site` VALUES ('598', '山西', '临汾', '汾西');
INSERT INTO `tb_site` VALUES ('599', '山西', '临汾', '洪洞');
INSERT INTO `tb_site` VALUES ('600', '山西', '临汾', '霍州');
INSERT INTO `tb_site` VALUES ('601', '山西', '临汾', '乡宁');
INSERT INTO `tb_site` VALUES ('602', '山西', '临汾', '翼城');
INSERT INTO `tb_site` VALUES ('603', '山西', '临汾', '侯马');
INSERT INTO `tb_site` VALUES ('604', '山西', '临汾', '浮山');
INSERT INTO `tb_site` VALUES ('605', '山西', '临汾', '安泽');
INSERT INTO `tb_site` VALUES ('606', '山西', '临汾', '古县');
INSERT INTO `tb_site` VALUES ('607', '山西', '运城', '运城');
INSERT INTO `tb_site` VALUES ('608', '山西', '运城', '临猗');
INSERT INTO `tb_site` VALUES ('609', '山西', '运城', '稷山');
INSERT INTO `tb_site` VALUES ('610', '山西', '运城', '万荣');
INSERT INTO `tb_site` VALUES ('611', '山西', '运城', '河津');
INSERT INTO `tb_site` VALUES ('612', '山西', '运城', '新绛');
INSERT INTO `tb_site` VALUES ('613', '山西', '运城', '绛县');
INSERT INTO `tb_site` VALUES ('614', '山西', '运城', '闻喜');
INSERT INTO `tb_site` VALUES ('615', '山西', '运城', '垣曲');
INSERT INTO `tb_site` VALUES ('616', '山西', '运城', '永济');
INSERT INTO `tb_site` VALUES ('617', '山西', '运城', '芮城');
INSERT INTO `tb_site` VALUES ('618', '山西', '运城', '夏县');
INSERT INTO `tb_site` VALUES ('619', '山西', '运城', '平陆');
INSERT INTO `tb_site` VALUES ('620', '山西', '朔州', '朔州');
INSERT INTO `tb_site` VALUES ('621', '山西', '朔州', '平鲁');
INSERT INTO `tb_site` VALUES ('622', '山西', '朔州', '山阴');
INSERT INTO `tb_site` VALUES ('623', '山西', '朔州', '右玉');
INSERT INTO `tb_site` VALUES ('624', '山西', '朔州', '应县');
INSERT INTO `tb_site` VALUES ('625', '山西', '朔州', '怀仁');
INSERT INTO `tb_site` VALUES ('626', '山西', '忻州', '忻州');
INSERT INTO `tb_site` VALUES ('627', '山西', '忻州', '定襄');
INSERT INTO `tb_site` VALUES ('628', '山西', '忻州', '五台县');
INSERT INTO `tb_site` VALUES ('629', '山西', '忻州', '河曲');
INSERT INTO `tb_site` VALUES ('630', '山西', '忻州', '偏关');
INSERT INTO `tb_site` VALUES ('631', '山西', '忻州', '神池');
INSERT INTO `tb_site` VALUES ('632', '山西', '忻州', '宁武');
INSERT INTO `tb_site` VALUES ('633', '山西', '忻州', '代县');
INSERT INTO `tb_site` VALUES ('634', '山西', '忻州', '繁峙');
INSERT INTO `tb_site` VALUES ('635', '山西', '忻州', '五台山');
INSERT INTO `tb_site` VALUES ('636', '山西', '忻州', '保德');
INSERT INTO `tb_site` VALUES ('637', '山西', '忻州', '静乐');
INSERT INTO `tb_site` VALUES ('638', '山西', '忻州', '岢岚');
INSERT INTO `tb_site` VALUES ('639', '山西', '忻州', '五寨');
INSERT INTO `tb_site` VALUES ('640', '山西', '忻州', '原平');
INSERT INTO `tb_site` VALUES ('641', '山西', '吕梁', '吕梁');
INSERT INTO `tb_site` VALUES ('642', '山西', '吕梁', '离石');
INSERT INTO `tb_site` VALUES ('643', '山西', '吕梁', '临县');
INSERT INTO `tb_site` VALUES ('644', '山西', '吕梁', '兴县');
INSERT INTO `tb_site` VALUES ('645', '山西', '吕梁', '岚县');
INSERT INTO `tb_site` VALUES ('646', '山西', '吕梁', '柳林');
INSERT INTO `tb_site` VALUES ('647', '山西', '吕梁', '石楼');
INSERT INTO `tb_site` VALUES ('648', '山西', '吕梁', '方山');
INSERT INTO `tb_site` VALUES ('649', '山西', '吕梁', '交口');
INSERT INTO `tb_site` VALUES ('650', '山西', '吕梁', '中阳');
INSERT INTO `tb_site` VALUES ('651', '山西', '吕梁', '孝义');
INSERT INTO `tb_site` VALUES ('652', '山西', '吕梁', '汾阳');
INSERT INTO `tb_site` VALUES ('653', '山西', '吕梁', '文水');
INSERT INTO `tb_site` VALUES ('654', '山西', '吕梁', '交城');
INSERT INTO `tb_site` VALUES ('655', '陕西', '西安', '西安');
INSERT INTO `tb_site` VALUES ('656', '陕西', '西安', '长安');
INSERT INTO `tb_site` VALUES ('657', '陕西', '西安', '临潼');
INSERT INTO `tb_site` VALUES ('658', '陕西', '西安', '蓝田');
INSERT INTO `tb_site` VALUES ('659', '陕西', '西安', '周至');
INSERT INTO `tb_site` VALUES ('660', '陕西', '西安', '户县');
INSERT INTO `tb_site` VALUES ('661', '陕西', '西安', '高陵');
INSERT INTO `tb_site` VALUES ('662', '陕西', '咸阳', '咸阳');
INSERT INTO `tb_site` VALUES ('663', '陕西', '咸阳', '三原');
INSERT INTO `tb_site` VALUES ('664', '陕西', '咸阳', '礼泉');
INSERT INTO `tb_site` VALUES ('665', '陕西', '咸阳', '永寿');
INSERT INTO `tb_site` VALUES ('666', '陕西', '咸阳', '淳化');
INSERT INTO `tb_site` VALUES ('667', '陕西', '咸阳', '泾阳');
INSERT INTO `tb_site` VALUES ('668', '陕西', '咸阳', '武功');
INSERT INTO `tb_site` VALUES ('669', '陕西', '咸阳', '乾县');
INSERT INTO `tb_site` VALUES ('670', '陕西', '咸阳', '彬县');
INSERT INTO `tb_site` VALUES ('671', '陕西', '咸阳', '长武');
INSERT INTO `tb_site` VALUES ('672', '陕西', '咸阳', '旬邑');
INSERT INTO `tb_site` VALUES ('673', '陕西', '咸阳', '兴平');
INSERT INTO `tb_site` VALUES ('674', '陕西', '延安', '延安');
INSERT INTO `tb_site` VALUES ('675', '陕西', '延安', '延长');
INSERT INTO `tb_site` VALUES ('676', '陕西', '延安', '延川');
INSERT INTO `tb_site` VALUES ('677', '陕西', '延安', '子长');
INSERT INTO `tb_site` VALUES ('678', '陕西', '延安', '宜川');
INSERT INTO `tb_site` VALUES ('679', '陕西', '延安', '富县');
INSERT INTO `tb_site` VALUES ('680', '陕西', '延安', '志丹');
INSERT INTO `tb_site` VALUES ('681', '陕西', '延安', '安塞');
INSERT INTO `tb_site` VALUES ('682', '陕西', '延安', '甘泉');
INSERT INTO `tb_site` VALUES ('683', '陕西', '延安', '洛川');
INSERT INTO `tb_site` VALUES ('684', '陕西', '延安', '黄陵');
INSERT INTO `tb_site` VALUES ('685', '陕西', '延安', '黄龙');
INSERT INTO `tb_site` VALUES ('686', '陕西', '延安', '吴起');
INSERT INTO `tb_site` VALUES ('687', '陕西', '榆林', '榆林');
INSERT INTO `tb_site` VALUES ('688', '陕西', '榆林', '府谷');
INSERT INTO `tb_site` VALUES ('689', '陕西', '榆林', '神木');
INSERT INTO `tb_site` VALUES ('690', '陕西', '榆林', '佳县');
INSERT INTO `tb_site` VALUES ('691', '陕西', '榆林', '定边');
INSERT INTO `tb_site` VALUES ('692', '陕西', '榆林', '靖边');
INSERT INTO `tb_site` VALUES ('693', '陕西', '榆林', '横山');
INSERT INTO `tb_site` VALUES ('694', '陕西', '榆林', '米脂');
INSERT INTO `tb_site` VALUES ('695', '陕西', '榆林', '子洲');
INSERT INTO `tb_site` VALUES ('696', '陕西', '榆林', '绥德');
INSERT INTO `tb_site` VALUES ('697', '陕西', '榆林', '吴堡');
INSERT INTO `tb_site` VALUES ('698', '陕西', '榆林', '清涧');
INSERT INTO `tb_site` VALUES ('699', '陕西', '榆林', '榆阳');
INSERT INTO `tb_site` VALUES ('700', '陕西', '渭南', '渭南');
INSERT INTO `tb_site` VALUES ('701', '陕西', '渭南', '华县');
INSERT INTO `tb_site` VALUES ('702', '陕西', '渭南', '潼关');
INSERT INTO `tb_site` VALUES ('703', '陕西', '渭南', '大荔');
INSERT INTO `tb_site` VALUES ('704', '陕西', '渭南', '白水');
INSERT INTO `tb_site` VALUES ('705', '陕西', '渭南', '富平');
INSERT INTO `tb_site` VALUES ('706', '陕西', '渭南', '蒲城');
INSERT INTO `tb_site` VALUES ('707', '陕西', '渭南', '澄城');
INSERT INTO `tb_site` VALUES ('708', '陕西', '渭南', '合阳');
INSERT INTO `tb_site` VALUES ('709', '陕西', '渭南', '韩城');
INSERT INTO `tb_site` VALUES ('710', '陕西', '渭南', '华阴');
INSERT INTO `tb_site` VALUES ('711', '陕西', '商洛', '商洛');
INSERT INTO `tb_site` VALUES ('712', '陕西', '商洛', '洛南');
INSERT INTO `tb_site` VALUES ('713', '陕西', '商洛', '柞水');
INSERT INTO `tb_site` VALUES ('714', '陕西', '商洛', '商州');
INSERT INTO `tb_site` VALUES ('715', '陕西', '商洛', '镇安');
INSERT INTO `tb_site` VALUES ('716', '陕西', '商洛', '丹凤');
INSERT INTO `tb_site` VALUES ('717', '陕西', '商洛', '商南');
INSERT INTO `tb_site` VALUES ('718', '陕西', '商洛', '山阳');
INSERT INTO `tb_site` VALUES ('719', '陕西', '安康', '安康');
INSERT INTO `tb_site` VALUES ('720', '陕西', '安康', '紫阳');
INSERT INTO `tb_site` VALUES ('721', '陕西', '安康', '石泉');
INSERT INTO `tb_site` VALUES ('722', '陕西', '安康', '汉阴');
INSERT INTO `tb_site` VALUES ('723', '陕西', '安康', '旬阳');
INSERT INTO `tb_site` VALUES ('724', '陕西', '安康', '岚皋');
INSERT INTO `tb_site` VALUES ('725', '陕西', '安康', '平利');
INSERT INTO `tb_site` VALUES ('726', '陕西', '安康', '白河');
INSERT INTO `tb_site` VALUES ('727', '陕西', '安康', '镇坪');
INSERT INTO `tb_site` VALUES ('728', '陕西', '安康', '宁陕');
INSERT INTO `tb_site` VALUES ('729', '陕西', '汉中', '汉中');
INSERT INTO `tb_site` VALUES ('730', '陕西', '汉中', '略阳');
INSERT INTO `tb_site` VALUES ('731', '陕西', '汉中', '勉县');
INSERT INTO `tb_site` VALUES ('732', '陕西', '汉中', '留坝');
INSERT INTO `tb_site` VALUES ('733', '陕西', '汉中', '洋县');
INSERT INTO `tb_site` VALUES ('734', '陕西', '汉中', '城固');
INSERT INTO `tb_site` VALUES ('735', '陕西', '汉中', '西乡');
INSERT INTO `tb_site` VALUES ('736', '陕西', '汉中', '佛坪');
INSERT INTO `tb_site` VALUES ('737', '陕西', '汉中', '宁强');
INSERT INTO `tb_site` VALUES ('738', '陕西', '汉中', '南郑');
INSERT INTO `tb_site` VALUES ('739', '陕西', '汉中', '镇巴');
INSERT INTO `tb_site` VALUES ('740', '陕西', '宝鸡', '宝鸡');
INSERT INTO `tb_site` VALUES ('741', '陕西', '宝鸡', '千阳');
INSERT INTO `tb_site` VALUES ('742', '陕西', '宝鸡', '麟游');
INSERT INTO `tb_site` VALUES ('743', '陕西', '宝鸡', '岐山');
INSERT INTO `tb_site` VALUES ('744', '陕西', '宝鸡', '凤翔');
INSERT INTO `tb_site` VALUES ('745', '陕西', '宝鸡', '扶风');
INSERT INTO `tb_site` VALUES ('746', '陕西', '宝鸡', '眉县');
INSERT INTO `tb_site` VALUES ('747', '陕西', '宝鸡', '太白');
INSERT INTO `tb_site` VALUES ('748', '陕西', '宝鸡', '凤县');
INSERT INTO `tb_site` VALUES ('749', '陕西', '宝鸡', '陇县');
INSERT INTO `tb_site` VALUES ('750', '陕西', '宝鸡', '陈仓');
INSERT INTO `tb_site` VALUES ('751', '陕西', '铜川', '铜川');
INSERT INTO `tb_site` VALUES ('752', '陕西', '铜川', '耀县');
INSERT INTO `tb_site` VALUES ('753', '陕西', '铜川', '宜君');
INSERT INTO `tb_site` VALUES ('754', '陕西', '铜川', '耀州');
INSERT INTO `tb_site` VALUES ('755', '陕西', '杨凌', '杨凌');
INSERT INTO `tb_site` VALUES ('756', '山东', '济南', '济南');
INSERT INTO `tb_site` VALUES ('757', '山东', '济南', '长清');
INSERT INTO `tb_site` VALUES ('758', '山东', '济南', '商河');
INSERT INTO `tb_site` VALUES ('759', '山东', '济南', '章丘');
INSERT INTO `tb_site` VALUES ('760', '山东', '济南', '平阴');
INSERT INTO `tb_site` VALUES ('761', '山东', '济南', '济阳');
INSERT INTO `tb_site` VALUES ('762', '山东', '济南', '天桥');
INSERT INTO `tb_site` VALUES ('763', '山东', '青岛', '青岛');
INSERT INTO `tb_site` VALUES ('764', '山东', '青岛', '崂山');
INSERT INTO `tb_site` VALUES ('765', '山东', '青岛', '即墨');
INSERT INTO `tb_site` VALUES ('766', '山东', '青岛', '胶州');
INSERT INTO `tb_site` VALUES ('767', '山东', '青岛', '胶南');
INSERT INTO `tb_site` VALUES ('768', '山东', '青岛', '莱西');
INSERT INTO `tb_site` VALUES ('769', '山东', '青岛', '平度');
INSERT INTO `tb_site` VALUES ('770', '山东', '淄博', '淄博');
INSERT INTO `tb_site` VALUES ('771', '山东', '淄博', '淄川');
INSERT INTO `tb_site` VALUES ('772', '山东', '淄博', '博山');
INSERT INTO `tb_site` VALUES ('773', '山东', '淄博', '高青');
INSERT INTO `tb_site` VALUES ('774', '山东', '淄博', '周村');
INSERT INTO `tb_site` VALUES ('775', '山东', '淄博', '沂源');
INSERT INTO `tb_site` VALUES ('776', '山东', '淄博', '桓台');
INSERT INTO `tb_site` VALUES ('777', '山东', '淄博', '临淄');
INSERT INTO `tb_site` VALUES ('778', '山东', '德州', '德州');
INSERT INTO `tb_site` VALUES ('779', '山东', '德州', '武城');
INSERT INTO `tb_site` VALUES ('780', '山东', '德州', '临邑');
INSERT INTO `tb_site` VALUES ('781', '山东', '德州', '陵县');
INSERT INTO `tb_site` VALUES ('782', '山东', '德州', '齐河');
INSERT INTO `tb_site` VALUES ('783', '山东', '德州', '乐陵');
INSERT INTO `tb_site` VALUES ('784', '山东', '德州', '庆云');
INSERT INTO `tb_site` VALUES ('785', '山东', '德州', '平原');
INSERT INTO `tb_site` VALUES ('786', '山东', '德州', '宁津');
INSERT INTO `tb_site` VALUES ('787', '山东', '德州', '夏津');
INSERT INTO `tb_site` VALUES ('788', '山东', '德州', '禹城');
INSERT INTO `tb_site` VALUES ('789', '山东', '烟台', '烟台');
INSERT INTO `tb_site` VALUES ('790', '山东', '烟台', '莱州');
INSERT INTO `tb_site` VALUES ('791', '山东', '烟台', '长岛');
INSERT INTO `tb_site` VALUES ('792', '山东', '烟台', '蓬莱');
INSERT INTO `tb_site` VALUES ('793', '山东', '烟台', '龙口');
INSERT INTO `tb_site` VALUES ('794', '山东', '烟台', '招远');
INSERT INTO `tb_site` VALUES ('795', '山东', '烟台', '栖霞');
INSERT INTO `tb_site` VALUES ('796', '山东', '烟台', '福山');
INSERT INTO `tb_site` VALUES ('797', '山东', '烟台', '牟平');
INSERT INTO `tb_site` VALUES ('798', '山东', '烟台', '莱阳');
INSERT INTO `tb_site` VALUES ('799', '山东', '烟台', '海阳');
INSERT INTO `tb_site` VALUES ('800', '山东', '潍坊', '潍坊');
INSERT INTO `tb_site` VALUES ('801', '山东', '潍坊', '青州');
INSERT INTO `tb_site` VALUES ('802', '山东', '潍坊', '寿光');
INSERT INTO `tb_site` VALUES ('803', '山东', '潍坊', '临朐');
INSERT INTO `tb_site` VALUES ('804', '山东', '潍坊', '昌乐');
INSERT INTO `tb_site` VALUES ('805', '山东', '潍坊', '昌邑');
INSERT INTO `tb_site` VALUES ('806', '山东', '潍坊', '安丘');
INSERT INTO `tb_site` VALUES ('807', '山东', '潍坊', '高密');
INSERT INTO `tb_site` VALUES ('808', '山东', '潍坊', '诸城');
INSERT INTO `tb_site` VALUES ('809', '山东', '济宁', '济宁');
INSERT INTO `tb_site` VALUES ('810', '山东', '济宁', '嘉祥');
INSERT INTO `tb_site` VALUES ('811', '山东', '济宁', '微山');
INSERT INTO `tb_site` VALUES ('812', '山东', '济宁', '鱼台');
INSERT INTO `tb_site` VALUES ('813', '山东', '济宁', '兖州');
INSERT INTO `tb_site` VALUES ('814', '山东', '济宁', '金乡');
INSERT INTO `tb_site` VALUES ('815', '山东', '济宁', '汶上');
INSERT INTO `tb_site` VALUES ('816', '山东', '济宁', '泗水');
INSERT INTO `tb_site` VALUES ('817', '山东', '济宁', '梁山');
INSERT INTO `tb_site` VALUES ('818', '山东', '济宁', '曲阜');
INSERT INTO `tb_site` VALUES ('819', '山东', '济宁', '邹城');
INSERT INTO `tb_site` VALUES ('820', '山东', '泰安', '泰安');
INSERT INTO `tb_site` VALUES ('821', '山东', '泰安', '新泰');
INSERT INTO `tb_site` VALUES ('822', '山东', '泰安', '肥城');
INSERT INTO `tb_site` VALUES ('823', '山东', '泰安', '东平');
INSERT INTO `tb_site` VALUES ('824', '山东', '泰安', '宁阳');
INSERT INTO `tb_site` VALUES ('825', '山东', '临沂', '临沂');
INSERT INTO `tb_site` VALUES ('826', '山东', '临沂', '莒南');
INSERT INTO `tb_site` VALUES ('827', '山东', '临沂', '沂南');
INSERT INTO `tb_site` VALUES ('828', '山东', '临沂', '苍山');
INSERT INTO `tb_site` VALUES ('829', '山东', '临沂', '临沭');
INSERT INTO `tb_site` VALUES ('830', '山东', '临沂', '郯城');
INSERT INTO `tb_site` VALUES ('831', '山东', '临沂', '蒙阴');
INSERT INTO `tb_site` VALUES ('832', '山东', '临沂', '平邑');
INSERT INTO `tb_site` VALUES ('833', '山东', '临沂', '费县');
INSERT INTO `tb_site` VALUES ('834', '山东', '临沂', '沂水');
INSERT INTO `tb_site` VALUES ('835', '山东', '菏泽', '菏泽');
INSERT INTO `tb_site` VALUES ('836', '山东', '菏泽', '鄄城');
INSERT INTO `tb_site` VALUES ('837', '山东', '菏泽', '郓城');
INSERT INTO `tb_site` VALUES ('838', '山东', '菏泽', '东明');
INSERT INTO `tb_site` VALUES ('839', '山东', '菏泽', '定陶');
INSERT INTO `tb_site` VALUES ('840', '山东', '菏泽', '巨野');
INSERT INTO `tb_site` VALUES ('841', '山东', '菏泽', '曹县');
INSERT INTO `tb_site` VALUES ('842', '山东', '菏泽', '成武');
INSERT INTO `tb_site` VALUES ('843', '山东', '菏泽', '单县');
INSERT INTO `tb_site` VALUES ('844', '山东', '滨州', '滨州');
INSERT INTO `tb_site` VALUES ('845', '山东', '滨州', '博兴');
INSERT INTO `tb_site` VALUES ('846', '山东', '滨州', '无棣');
INSERT INTO `tb_site` VALUES ('847', '山东', '滨州', '阳信');
INSERT INTO `tb_site` VALUES ('848', '山东', '滨州', '惠民');
INSERT INTO `tb_site` VALUES ('849', '山东', '滨州', '沾化');
INSERT INTO `tb_site` VALUES ('850', '山东', '滨州', '邹平');
INSERT INTO `tb_site` VALUES ('851', '山东', '东营', '东营');
INSERT INTO `tb_site` VALUES ('852', '山东', '东营', '河口');
INSERT INTO `tb_site` VALUES ('853', '山东', '东营', '垦利');
INSERT INTO `tb_site` VALUES ('854', '山东', '东营', '利津');
INSERT INTO `tb_site` VALUES ('855', '山东', '东营', '广饶');
INSERT INTO `tb_site` VALUES ('856', '山东', '威海', '威海');
INSERT INTO `tb_site` VALUES ('857', '山东', '威海', '文登');
INSERT INTO `tb_site` VALUES ('858', '山东', '威海', '荣成');
INSERT INTO `tb_site` VALUES ('859', '山东', '威海', '乳山');
INSERT INTO `tb_site` VALUES ('860', '山东', '威海', '成山头');
INSERT INTO `tb_site` VALUES ('861', '山东', '威海', '石岛');
INSERT INTO `tb_site` VALUES ('862', '山东', '枣庄', '枣庄');
INSERT INTO `tb_site` VALUES ('863', '山东', '枣庄', '薛城');
INSERT INTO `tb_site` VALUES ('864', '山东', '枣庄', '峄城');
INSERT INTO `tb_site` VALUES ('865', '山东', '枣庄', '台儿庄');
INSERT INTO `tb_site` VALUES ('866', '山东', '枣庄', '滕州');
INSERT INTO `tb_site` VALUES ('867', '山东', '日照', '日照');
INSERT INTO `tb_site` VALUES ('868', '山东', '日照', '五莲');
INSERT INTO `tb_site` VALUES ('869', '山东', '日照', '莒县');
INSERT INTO `tb_site` VALUES ('870', '山东', '莱芜', '莱芜');
INSERT INTO `tb_site` VALUES ('871', '山东', '聊城', '聊城');
INSERT INTO `tb_site` VALUES ('872', '山东', '聊城', '冠县');
INSERT INTO `tb_site` VALUES ('873', '山东', '聊城', '阳谷');
INSERT INTO `tb_site` VALUES ('874', '山东', '聊城', '高唐');
INSERT INTO `tb_site` VALUES ('875', '山东', '聊城', '茌平');
INSERT INTO `tb_site` VALUES ('876', '山东', '聊城', '东阿');
INSERT INTO `tb_site` VALUES ('877', '山东', '聊城', '临清');
INSERT INTO `tb_site` VALUES ('878', '山东', '聊城', '莘县');
INSERT INTO `tb_site` VALUES ('879', '新疆', '乌鲁木齐', '乌鲁木齐');
INSERT INTO `tb_site` VALUES ('880', '新疆', '乌鲁木齐', '小渠子');
INSERT INTO `tb_site` VALUES ('881', '新疆', '乌鲁木齐', '巴仑台');
INSERT INTO `tb_site` VALUES ('882', '新疆', '乌鲁木齐', '达坂城');
INSERT INTO `tb_site` VALUES ('883', '新疆', '乌鲁木齐', '乌鲁木齐牧试站');
INSERT INTO `tb_site` VALUES ('884', '新疆', '乌鲁木齐', '天池');
INSERT INTO `tb_site` VALUES ('885', '新疆', '乌鲁木齐', '白杨沟');
INSERT INTO `tb_site` VALUES ('886', '新疆', '克拉玛依', '克拉玛依');
INSERT INTO `tb_site` VALUES ('887', '新疆', '克拉玛依', '乌尔禾');
INSERT INTO `tb_site` VALUES ('888', '新疆', '克拉玛依', '白碱滩');
INSERT INTO `tb_site` VALUES ('889', '新疆', '石河子', '石河子');
INSERT INTO `tb_site` VALUES ('890', '新疆', '石河子', '炮台');
INSERT INTO `tb_site` VALUES ('891', '新疆', '石河子', '莫索湾');
INSERT INTO `tb_site` VALUES ('892', '新疆', '昌吉', '昌吉');
INSERT INTO `tb_site` VALUES ('893', '新疆', '昌吉', '呼图壁');
INSERT INTO `tb_site` VALUES ('894', '新疆', '昌吉', '米泉');
INSERT INTO `tb_site` VALUES ('895', '新疆', '昌吉', '阜康');
INSERT INTO `tb_site` VALUES ('896', '新疆', '昌吉', '吉木萨尔');
INSERT INTO `tb_site` VALUES ('897', '新疆', '昌吉', '奇台');
INSERT INTO `tb_site` VALUES ('898', '新疆', '昌吉', '玛纳斯');
INSERT INTO `tb_site` VALUES ('899', '新疆', '昌吉', '木垒');
INSERT INTO `tb_site` VALUES ('900', '新疆', '昌吉', '蔡家湖');
INSERT INTO `tb_site` VALUES ('901', '新疆', '吐鲁番', '吐鲁番');
INSERT INTO `tb_site` VALUES ('902', '新疆', '吐鲁番', '托克逊');
INSERT INTO `tb_site` VALUES ('903', '新疆', '吐鲁番', '克孜勒');
INSERT INTO `tb_site` VALUES ('904', '新疆', '吐鲁番', '鄯善');
INSERT INTO `tb_site` VALUES ('905', '新疆', '巴音郭楞', '库尔勒');
INSERT INTO `tb_site` VALUES ('906', '新疆', '巴音郭楞', '轮台');
INSERT INTO `tb_site` VALUES ('907', '新疆', '巴音郭楞', '尉犁');
INSERT INTO `tb_site` VALUES ('908', '新疆', '巴音郭楞', '若羌');
INSERT INTO `tb_site` VALUES ('909', '新疆', '巴音郭楞', '且末');
INSERT INTO `tb_site` VALUES ('910', '新疆', '巴音郭楞', '和静');
INSERT INTO `tb_site` VALUES ('911', '新疆', '巴音郭楞', '焉耆');
INSERT INTO `tb_site` VALUES ('912', '新疆', '巴音郭楞', '和硕');
INSERT INTO `tb_site` VALUES ('913', '新疆', '巴音郭楞', '巴音布鲁克');
INSERT INTO `tb_site` VALUES ('914', '新疆', '巴音郭楞', '铁干里克');
INSERT INTO `tb_site` VALUES ('915', '新疆', '巴音郭楞', '博湖');
INSERT INTO `tb_site` VALUES ('916', '新疆', '巴音郭楞', '塔中');
INSERT INTO `tb_site` VALUES ('917', '新疆', '阿拉尔', '阿拉尔');
INSERT INTO `tb_site` VALUES ('918', '新疆', '阿克苏', '阿克苏');
INSERT INTO `tb_site` VALUES ('919', '新疆', '阿克苏', '乌什');
INSERT INTO `tb_site` VALUES ('920', '新疆', '阿克苏', '温宿');
INSERT INTO `tb_site` VALUES ('921', '新疆', '阿克苏', '拜城');
INSERT INTO `tb_site` VALUES ('922', '新疆', '阿克苏', '新和');
INSERT INTO `tb_site` VALUES ('923', '新疆', '阿克苏', '沙雅');
INSERT INTO `tb_site` VALUES ('924', '新疆', '阿克苏', '库车');
INSERT INTO `tb_site` VALUES ('925', '新疆', '阿克苏', '柯坪');
INSERT INTO `tb_site` VALUES ('926', '新疆', '阿克苏', '阿瓦提');
INSERT INTO `tb_site` VALUES ('927', '新疆', '喀什', '喀什');
INSERT INTO `tb_site` VALUES ('928', '新疆', '喀什', '英吉沙');
INSERT INTO `tb_site` VALUES ('929', '新疆', '喀什', '塔什库尔干');
INSERT INTO `tb_site` VALUES ('930', '新疆', '喀什', '麦盖提');
INSERT INTO `tb_site` VALUES ('931', '新疆', '喀什', '莎车');
INSERT INTO `tb_site` VALUES ('932', '新疆', '喀什', '叶城');
INSERT INTO `tb_site` VALUES ('933', '新疆', '喀什', '泽普');
INSERT INTO `tb_site` VALUES ('934', '新疆', '喀什', '巴楚');
INSERT INTO `tb_site` VALUES ('935', '新疆', '喀什', '岳普湖');
INSERT INTO `tb_site` VALUES ('936', '新疆', '喀什', '伽师');
INSERT INTO `tb_site` VALUES ('937', '新疆', '喀什', '疏附');
INSERT INTO `tb_site` VALUES ('938', '新疆', '喀什', '疏勒');
INSERT INTO `tb_site` VALUES ('939', '新疆', '伊犁', '伊宁');
INSERT INTO `tb_site` VALUES ('940', '新疆', '伊犁', '察布查尔');
INSERT INTO `tb_site` VALUES ('941', '新疆', '伊犁', '尼勒克');
INSERT INTO `tb_site` VALUES ('942', '新疆', '伊犁', '伊宁县');
INSERT INTO `tb_site` VALUES ('943', '新疆', '伊犁', '巩留');
INSERT INTO `tb_site` VALUES ('944', '新疆', '伊犁', '新源');
INSERT INTO `tb_site` VALUES ('945', '新疆', '伊犁', '昭苏');
INSERT INTO `tb_site` VALUES ('946', '新疆', '伊犁', '特克斯');
INSERT INTO `tb_site` VALUES ('947', '新疆', '伊犁', '霍城');
INSERT INTO `tb_site` VALUES ('948', '新疆', '伊犁', '霍尔果斯');
INSERT INTO `tb_site` VALUES ('949', '新疆', '伊犁', '奎屯');
INSERT INTO `tb_site` VALUES ('950', '新疆', '塔城', '塔城');
INSERT INTO `tb_site` VALUES ('951', '新疆', '塔城', '裕民');
INSERT INTO `tb_site` VALUES ('952', '新疆', '塔城', '额敏');
INSERT INTO `tb_site` VALUES ('953', '新疆', '塔城', '和布克赛尔');
INSERT INTO `tb_site` VALUES ('954', '新疆', '塔城', '托里');
INSERT INTO `tb_site` VALUES ('955', '新疆', '塔城', '乌苏');
INSERT INTO `tb_site` VALUES ('956', '新疆', '塔城', '沙湾');
INSERT INTO `tb_site` VALUES ('957', '新疆', '塔城', '和丰');
INSERT INTO `tb_site` VALUES ('958', '新疆', '哈密', '哈密');
INSERT INTO `tb_site` VALUES ('959', '新疆', '哈密', '巴里坤');
INSERT INTO `tb_site` VALUES ('960', '新疆', '哈密', '伊吾');
INSERT INTO `tb_site` VALUES ('961', '新疆', '和田', '和田');
INSERT INTO `tb_site` VALUES ('962', '新疆', '和田', '皮山');
INSERT INTO `tb_site` VALUES ('963', '新疆', '和田', '策勒');
INSERT INTO `tb_site` VALUES ('964', '新疆', '和田', '墨玉');
INSERT INTO `tb_site` VALUES ('965', '新疆', '和田', '洛浦');
INSERT INTO `tb_site` VALUES ('966', '新疆', '和田', '民丰');
INSERT INTO `tb_site` VALUES ('967', '新疆', '和田', '于田');
INSERT INTO `tb_site` VALUES ('968', '新疆', '阿勒泰', '阿勒泰');
INSERT INTO `tb_site` VALUES ('969', '新疆', '阿勒泰', '哈巴河');
INSERT INTO `tb_site` VALUES ('970', '新疆', '阿勒泰', '吉木乃');
INSERT INTO `tb_site` VALUES ('971', '新疆', '阿勒泰', '布尔津');
INSERT INTO `tb_site` VALUES ('972', '新疆', '阿勒泰', '福海');
INSERT INTO `tb_site` VALUES ('973', '新疆', '阿勒泰', '富蕴');
INSERT INTO `tb_site` VALUES ('974', '新疆', '阿勒泰', '青河');
INSERT INTO `tb_site` VALUES ('975', '新疆', '克州', '阿图什');
INSERT INTO `tb_site` VALUES ('976', '新疆', '克州', '乌恰');
INSERT INTO `tb_site` VALUES ('977', '新疆', '克州', '阿克陶');
INSERT INTO `tb_site` VALUES ('978', '新疆', '克州', '阿合奇');
INSERT INTO `tb_site` VALUES ('979', '新疆', '博尔塔拉', '博乐');
INSERT INTO `tb_site` VALUES ('980', '新疆', '博尔塔拉', '温泉');
INSERT INTO `tb_site` VALUES ('981', '新疆', '博尔塔拉', '精河');
INSERT INTO `tb_site` VALUES ('982', '新疆', '博尔塔拉', '阿拉山口');
INSERT INTO `tb_site` VALUES ('983', '西藏', '拉萨', '拉萨');
INSERT INTO `tb_site` VALUES ('984', '西藏', '拉萨', '当雄');
INSERT INTO `tb_site` VALUES ('985', '西藏', '拉萨', '尼木');
INSERT INTO `tb_site` VALUES ('986', '西藏', '拉萨', '林周');
INSERT INTO `tb_site` VALUES ('987', '西藏', '拉萨', '堆龙德庆');
INSERT INTO `tb_site` VALUES ('988', '西藏', '拉萨', '曲水');
INSERT INTO `tb_site` VALUES ('989', '西藏', '拉萨', '达孜');
INSERT INTO `tb_site` VALUES ('990', '西藏', '拉萨', '墨竹工卡');
INSERT INTO `tb_site` VALUES ('991', '西藏', '日喀则', '日喀则');
INSERT INTO `tb_site` VALUES ('992', '西藏', '日喀则', '拉孜');
INSERT INTO `tb_site` VALUES ('993', '西藏', '日喀则', '南木林');
INSERT INTO `tb_site` VALUES ('994', '西藏', '日喀则', '聂拉木');
INSERT INTO `tb_site` VALUES ('995', '西藏', '日喀则', '定日');
INSERT INTO `tb_site` VALUES ('996', '西藏', '日喀则', '江孜');
INSERT INTO `tb_site` VALUES ('997', '西藏', '日喀则', '帕里');
INSERT INTO `tb_site` VALUES ('998', '西藏', '日喀则', '仲巴');
INSERT INTO `tb_site` VALUES ('999', '西藏', '日喀则', '萨嘎');
INSERT INTO `tb_site` VALUES ('1000', '西藏', '日喀则', '吉隆');
INSERT INTO `tb_site` VALUES ('1001', '西藏', '日喀则', '昂仁');
INSERT INTO `tb_site` VALUES ('1002', '西藏', '日喀则', '定结');
INSERT INTO `tb_site` VALUES ('1003', '西藏', '日喀则', '萨迦');
INSERT INTO `tb_site` VALUES ('1004', '西藏', '日喀则', '谢通门');
INSERT INTO `tb_site` VALUES ('1005', '西藏', '日喀则', '岗巴');
INSERT INTO `tb_site` VALUES ('1006', '西藏', '日喀则', '白朗');
INSERT INTO `tb_site` VALUES ('1007', '西藏', '日喀则', '亚东');
INSERT INTO `tb_site` VALUES ('1008', '西藏', '日喀则', '康马');
INSERT INTO `tb_site` VALUES ('1009', '西藏', '日喀则', '仁布');
INSERT INTO `tb_site` VALUES ('1010', '西藏', '山南', '山南');
INSERT INTO `tb_site` VALUES ('1011', '西藏', '山南', '贡嘎');
INSERT INTO `tb_site` VALUES ('1012', '西藏', '山南', '札囊');
INSERT INTO `tb_site` VALUES ('1013', '西藏', '山南', '加查');
INSERT INTO `tb_site` VALUES ('1014', '西藏', '山南', '浪卡子');
INSERT INTO `tb_site` VALUES ('1015', '西藏', '山南', '错那');
INSERT INTO `tb_site` VALUES ('1016', '西藏', '山南', '隆子');
INSERT INTO `tb_site` VALUES ('1017', '西藏', '山南', '泽当');
INSERT INTO `tb_site` VALUES ('1018', '西藏', '山南', '乃东');
INSERT INTO `tb_site` VALUES ('1019', '西藏', '山南', '桑日');
INSERT INTO `tb_site` VALUES ('1020', '西藏', '山南', '洛扎');
INSERT INTO `tb_site` VALUES ('1021', '西藏', '山南', '措美');
INSERT INTO `tb_site` VALUES ('1022', '西藏', '山南', '琼结');
INSERT INTO `tb_site` VALUES ('1023', '西藏', '山南', '曲松');
INSERT INTO `tb_site` VALUES ('1024', '西藏', '林芝', '林芝');
INSERT INTO `tb_site` VALUES ('1025', '西藏', '林芝', '波密');
INSERT INTO `tb_site` VALUES ('1026', '西藏', '林芝', '米林');
INSERT INTO `tb_site` VALUES ('1027', '西藏', '林芝', '察隅');
INSERT INTO `tb_site` VALUES ('1028', '西藏', '林芝', '工布江达');
INSERT INTO `tb_site` VALUES ('1029', '西藏', '林芝', '朗县');
INSERT INTO `tb_site` VALUES ('1030', '西藏', '林芝', '墨脱');
INSERT INTO `tb_site` VALUES ('1031', '西藏', '昌都', '昌都');
INSERT INTO `tb_site` VALUES ('1032', '西藏', '昌都', '丁青');
INSERT INTO `tb_site` VALUES ('1033', '西藏', '昌都', '边坝');
INSERT INTO `tb_site` VALUES ('1034', '西藏', '昌都', '洛隆');
INSERT INTO `tb_site` VALUES ('1035', '西藏', '昌都', '左贡');
INSERT INTO `tb_site` VALUES ('1036', '西藏', '昌都', '芒康');
INSERT INTO `tb_site` VALUES ('1037', '西藏', '昌都', '类乌齐');
INSERT INTO `tb_site` VALUES ('1038', '西藏', '昌都', '八宿');
INSERT INTO `tb_site` VALUES ('1039', '西藏', '昌都', '江达');
INSERT INTO `tb_site` VALUES ('1040', '西藏', '昌都', '察雅');
INSERT INTO `tb_site` VALUES ('1041', '西藏', '昌都', '贡觉');
INSERT INTO `tb_site` VALUES ('1042', '西藏', '那曲', '那曲');
INSERT INTO `tb_site` VALUES ('1043', '西藏', '那曲', '尼玛');
INSERT INTO `tb_site` VALUES ('1044', '西藏', '那曲', '嘉黎');
INSERT INTO `tb_site` VALUES ('1045', '西藏', '那曲', '班戈');
INSERT INTO `tb_site` VALUES ('1046', '西藏', '那曲', '安多');
INSERT INTO `tb_site` VALUES ('1047', '西藏', '那曲', '索县');
INSERT INTO `tb_site` VALUES ('1048', '西藏', '那曲', '聂荣');
INSERT INTO `tb_site` VALUES ('1049', '西藏', '那曲', '巴青');
INSERT INTO `tb_site` VALUES ('1050', '西藏', '那曲', '比如');
INSERT INTO `tb_site` VALUES ('1051', '西藏', '阿里', '阿里');
INSERT INTO `tb_site` VALUES ('1052', '西藏', '阿里', '改则');
INSERT INTO `tb_site` VALUES ('1053', '西藏', '阿里', '申扎');
INSERT INTO `tb_site` VALUES ('1054', '西藏', '阿里', '狮泉河');
INSERT INTO `tb_site` VALUES ('1055', '西藏', '阿里', '普兰');
INSERT INTO `tb_site` VALUES ('1056', '西藏', '阿里', '札达');
INSERT INTO `tb_site` VALUES ('1057', '西藏', '阿里', '噶尔');
INSERT INTO `tb_site` VALUES ('1058', '西藏', '阿里', '日土');
INSERT INTO `tb_site` VALUES ('1059', '西藏', '阿里', '革吉');
INSERT INTO `tb_site` VALUES ('1060', '西藏', '阿里', '措勤');
INSERT INTO `tb_site` VALUES ('1061', '青海', '西宁', '西宁');
INSERT INTO `tb_site` VALUES ('1062', '青海', '西宁', '大通');
INSERT INTO `tb_site` VALUES ('1063', '青海', '西宁', '湟源');
INSERT INTO `tb_site` VALUES ('1064', '青海', '西宁', '湟中');
INSERT INTO `tb_site` VALUES ('1065', '青海', '海东', '海东');
INSERT INTO `tb_site` VALUES ('1066', '青海', '海东', '乐都');
INSERT INTO `tb_site` VALUES ('1067', '青海', '海东', '民和');
INSERT INTO `tb_site` VALUES ('1068', '青海', '海东', '互助');
INSERT INTO `tb_site` VALUES ('1069', '青海', '海东', '化隆');
INSERT INTO `tb_site` VALUES ('1070', '青海', '海东', '循化');
INSERT INTO `tb_site` VALUES ('1071', '青海', '海东', '冷湖');
INSERT INTO `tb_site` VALUES ('1072', '青海', '海东', '平安');
INSERT INTO `tb_site` VALUES ('1073', '青海', '黄南', '黄南');
INSERT INTO `tb_site` VALUES ('1074', '青海', '黄南', '尖扎');
INSERT INTO `tb_site` VALUES ('1075', '青海', '黄南', '泽库');
INSERT INTO `tb_site` VALUES ('1076', '青海', '黄南', '河南');
INSERT INTO `tb_site` VALUES ('1077', '青海', '黄南', '同仁');
INSERT INTO `tb_site` VALUES ('1078', '青海', '海南', '海南');
INSERT INTO `tb_site` VALUES ('1079', '青海', '海南', '贵德');
INSERT INTO `tb_site` VALUES ('1080', '青海', '海南', '兴海');
INSERT INTO `tb_site` VALUES ('1081', '青海', '海南', '贵南');
INSERT INTO `tb_site` VALUES ('1082', '青海', '海南', '同德');
INSERT INTO `tb_site` VALUES ('1083', '青海', '海南', '共和');
INSERT INTO `tb_site` VALUES ('1084', '青海', '果洛', '果洛');
INSERT INTO `tb_site` VALUES ('1085', '青海', '果洛', '班玛');
INSERT INTO `tb_site` VALUES ('1086', '青海', '果洛', '甘德');
INSERT INTO `tb_site` VALUES ('1087', '青海', '果洛', '达日');
INSERT INTO `tb_site` VALUES ('1088', '青海', '果洛', '久治');
INSERT INTO `tb_site` VALUES ('1089', '青海', '果洛', '玛多');
INSERT INTO `tb_site` VALUES ('1090', '青海', '果洛', '多县');
INSERT INTO `tb_site` VALUES ('1091', '青海', '果洛', '玛沁');
INSERT INTO `tb_site` VALUES ('1092', '青海', '玉树', '玉树');
INSERT INTO `tb_site` VALUES ('1093', '青海', '玉树', '称多');
INSERT INTO `tb_site` VALUES ('1094', '青海', '玉树', '治多');
INSERT INTO `tb_site` VALUES ('1095', '青海', '玉树', '杂多');
INSERT INTO `tb_site` VALUES ('1096', '青海', '玉树', '囊谦');
INSERT INTO `tb_site` VALUES ('1097', '青海', '玉树', '曲麻莱');
INSERT INTO `tb_site` VALUES ('1098', '青海', '海西', '海西');
INSERT INTO `tb_site` VALUES ('1099', '青海', '海西', '天峻');
INSERT INTO `tb_site` VALUES ('1100', '青海', '海西', '乌兰');
INSERT INTO `tb_site` VALUES ('1101', '青海', '海西', '茫崖');
INSERT INTO `tb_site` VALUES ('1102', '青海', '海西', '大柴旦');
INSERT INTO `tb_site` VALUES ('1103', '青海', '海西', '德令哈');
INSERT INTO `tb_site` VALUES ('1104', '青海', '海北', '海北');
INSERT INTO `tb_site` VALUES ('1105', '青海', '海北', '门源');
INSERT INTO `tb_site` VALUES ('1106', '青海', '海北', '祁连');
INSERT INTO `tb_site` VALUES ('1107', '青海', '海北', '海晏');
INSERT INTO `tb_site` VALUES ('1108', '青海', '海北', '刚察');
INSERT INTO `tb_site` VALUES ('1109', '青海', '格尔木', '格尔木');
INSERT INTO `tb_site` VALUES ('1110', '青海', '格尔木', '都兰');
INSERT INTO `tb_site` VALUES ('1111', '甘肃', '兰州', '兰州');
INSERT INTO `tb_site` VALUES ('1112', '甘肃', '兰州', '皋兰');
INSERT INTO `tb_site` VALUES ('1113', '甘肃', '兰州', '永登');
INSERT INTO `tb_site` VALUES ('1114', '甘肃', '兰州', '榆中');
INSERT INTO `tb_site` VALUES ('1115', '甘肃', '定西', '定西');
INSERT INTO `tb_site` VALUES ('1116', '甘肃', '定西', '通渭');
INSERT INTO `tb_site` VALUES ('1117', '甘肃', '定西', '陇西');
INSERT INTO `tb_site` VALUES ('1118', '甘肃', '定西', '渭源');
INSERT INTO `tb_site` VALUES ('1119', '甘肃', '定西', '临洮');
INSERT INTO `tb_site` VALUES ('1120', '甘肃', '定西', '漳县');
INSERT INTO `tb_site` VALUES ('1121', '甘肃', '定西', '岷县');
INSERT INTO `tb_site` VALUES ('1122', '甘肃', '定西', '安定');
INSERT INTO `tb_site` VALUES ('1123', '甘肃', '平凉', '平凉');
INSERT INTO `tb_site` VALUES ('1124', '甘肃', '平凉', '泾川');
INSERT INTO `tb_site` VALUES ('1125', '甘肃', '平凉', '灵台');
INSERT INTO `tb_site` VALUES ('1126', '甘肃', '平凉', '崇信');
INSERT INTO `tb_site` VALUES ('1127', '甘肃', '平凉', '华亭');
INSERT INTO `tb_site` VALUES ('1128', '甘肃', '平凉', '庄浪');
INSERT INTO `tb_site` VALUES ('1129', '甘肃', '平凉', '静宁');
INSERT INTO `tb_site` VALUES ('1130', '甘肃', '平凉', '崆峒');
INSERT INTO `tb_site` VALUES ('1131', '甘肃', '庆阳', '庆阳');
INSERT INTO `tb_site` VALUES ('1132', '甘肃', '庆阳', '西峰');
INSERT INTO `tb_site` VALUES ('1133', '甘肃', '庆阳', '环县');
INSERT INTO `tb_site` VALUES ('1134', '甘肃', '庆阳', '华池');
INSERT INTO `tb_site` VALUES ('1135', '甘肃', '庆阳', '合水');
INSERT INTO `tb_site` VALUES ('1136', '甘肃', '庆阳', '正宁');
INSERT INTO `tb_site` VALUES ('1137', '甘肃', '庆阳', '宁县');
INSERT INTO `tb_site` VALUES ('1138', '甘肃', '庆阳', '镇原');
INSERT INTO `tb_site` VALUES ('1139', '甘肃', '庆阳', '庆城');
INSERT INTO `tb_site` VALUES ('1140', '甘肃', '武威', '武威');
INSERT INTO `tb_site` VALUES ('1141', '甘肃', '武威', '民勤');
INSERT INTO `tb_site` VALUES ('1142', '甘肃', '武威', '古浪');
INSERT INTO `tb_site` VALUES ('1143', '甘肃', '武威', '天祝');
INSERT INTO `tb_site` VALUES ('1144', '甘肃', '金昌', '金昌');
INSERT INTO `tb_site` VALUES ('1145', '甘肃', '金昌', '永昌');
INSERT INTO `tb_site` VALUES ('1146', '甘肃', '张掖', '张掖');
INSERT INTO `tb_site` VALUES ('1147', '甘肃', '张掖', '肃南');
INSERT INTO `tb_site` VALUES ('1148', '甘肃', '张掖', '民乐');
INSERT INTO `tb_site` VALUES ('1149', '甘肃', '张掖', '临泽');
INSERT INTO `tb_site` VALUES ('1150', '甘肃', '张掖', '高台');
INSERT INTO `tb_site` VALUES ('1151', '甘肃', '张掖', '山丹');
INSERT INTO `tb_site` VALUES ('1152', '甘肃', '酒泉', '酒泉');
INSERT INTO `tb_site` VALUES ('1153', '甘肃', '酒泉', '金塔');
INSERT INTO `tb_site` VALUES ('1154', '甘肃', '酒泉', '阿克塞');
INSERT INTO `tb_site` VALUES ('1155', '甘肃', '酒泉', '瓜州');
INSERT INTO `tb_site` VALUES ('1156', '甘肃', '酒泉', '肃北');
INSERT INTO `tb_site` VALUES ('1157', '甘肃', '酒泉', '玉门');
INSERT INTO `tb_site` VALUES ('1158', '甘肃', '酒泉', '敦煌');
INSERT INTO `tb_site` VALUES ('1159', '甘肃', '天水', '天水');
INSERT INTO `tb_site` VALUES ('1160', '甘肃', '天水', '清水');
INSERT INTO `tb_site` VALUES ('1161', '甘肃', '天水', '秦安');
INSERT INTO `tb_site` VALUES ('1162', '甘肃', '天水', '甘谷');
INSERT INTO `tb_site` VALUES ('1163', '甘肃', '天水', '武山');
INSERT INTO `tb_site` VALUES ('1164', '甘肃', '天水', '张家川');
INSERT INTO `tb_site` VALUES ('1165', '甘肃', '天水', '麦积');
INSERT INTO `tb_site` VALUES ('1166', '甘肃', '陇南', '武都');
INSERT INTO `tb_site` VALUES ('1167', '甘肃', '陇南', '成县');
INSERT INTO `tb_site` VALUES ('1168', '甘肃', '陇南', '文县');
INSERT INTO `tb_site` VALUES ('1169', '甘肃', '陇南', '宕昌');
INSERT INTO `tb_site` VALUES ('1170', '甘肃', '陇南', '康县');
INSERT INTO `tb_site` VALUES ('1171', '甘肃', '陇南', '西和');
INSERT INTO `tb_site` VALUES ('1172', '甘肃', '陇南', '礼县');
INSERT INTO `tb_site` VALUES ('1173', '甘肃', '陇南', '徽县');
INSERT INTO `tb_site` VALUES ('1174', '甘肃', '陇南', '两当');
INSERT INTO `tb_site` VALUES ('1175', '甘肃', '临夏', '临夏');
INSERT INTO `tb_site` VALUES ('1176', '甘肃', '临夏', '康乐');
INSERT INTO `tb_site` VALUES ('1177', '甘肃', '临夏', '永靖');
INSERT INTO `tb_site` VALUES ('1178', '甘肃', '临夏', '广河');
INSERT INTO `tb_site` VALUES ('1179', '甘肃', '临夏', '和政');
INSERT INTO `tb_site` VALUES ('1180', '甘肃', '临夏', '东乡');
INSERT INTO `tb_site` VALUES ('1181', '甘肃', '临夏', '积石山');
INSERT INTO `tb_site` VALUES ('1182', '甘肃', '甘南', '合作');
INSERT INTO `tb_site` VALUES ('1183', '甘肃', '甘南', '临潭');
INSERT INTO `tb_site` VALUES ('1184', '甘肃', '甘南', '卓尼');
INSERT INTO `tb_site` VALUES ('1185', '甘肃', '甘南', '舟曲');
INSERT INTO `tb_site` VALUES ('1186', '甘肃', '甘南', '迭部');
INSERT INTO `tb_site` VALUES ('1187', '甘肃', '甘南', '玛曲');
INSERT INTO `tb_site` VALUES ('1188', '甘肃', '甘南', '碌曲');
INSERT INTO `tb_site` VALUES ('1189', '甘肃', '甘南', '夏河');
INSERT INTO `tb_site` VALUES ('1190', '甘肃', '白银', '白银');
INSERT INTO `tb_site` VALUES ('1191', '甘肃', '白银', '靖远');
INSERT INTO `tb_site` VALUES ('1192', '甘肃', '白银', '会宁');
INSERT INTO `tb_site` VALUES ('1193', '甘肃', '白银', '平川');
INSERT INTO `tb_site` VALUES ('1194', '甘肃', '白银', '景泰');
INSERT INTO `tb_site` VALUES ('1195', '甘肃', '嘉峪关', '嘉峪关');
INSERT INTO `tb_site` VALUES ('1196', '宁夏', '银川', '银川');
INSERT INTO `tb_site` VALUES ('1197', '宁夏', '银川', '永宁');
INSERT INTO `tb_site` VALUES ('1198', '宁夏', '银川', '灵武');
INSERT INTO `tb_site` VALUES ('1199', '宁夏', '银川', '贺兰');
INSERT INTO `tb_site` VALUES ('1200', '宁夏', '石嘴山', '石嘴山');
INSERT INTO `tb_site` VALUES ('1201', '宁夏', '石嘴山', '惠农');
INSERT INTO `tb_site` VALUES ('1202', '宁夏', '石嘴山', '平罗');
INSERT INTO `tb_site` VALUES ('1203', '宁夏', '石嘴山', '陶乐');
INSERT INTO `tb_site` VALUES ('1204', '宁夏', '石嘴山', '大武口');
INSERT INTO `tb_site` VALUES ('1205', '宁夏', '吴忠', '吴忠');
INSERT INTO `tb_site` VALUES ('1206', '宁夏', '吴忠', '同心');
INSERT INTO `tb_site` VALUES ('1207', '宁夏', '吴忠', '盐池');
INSERT INTO `tb_site` VALUES ('1208', '宁夏', '吴忠', '青铜峡');
INSERT INTO `tb_site` VALUES ('1209', '宁夏', '固原', '固原');
INSERT INTO `tb_site` VALUES ('1210', '宁夏', '固原', '西吉');
INSERT INTO `tb_site` VALUES ('1211', '宁夏', '固原', '隆德');
INSERT INTO `tb_site` VALUES ('1212', '宁夏', '固原', '泾源');
INSERT INTO `tb_site` VALUES ('1213', '宁夏', '固原', '彭阳');
INSERT INTO `tb_site` VALUES ('1214', '宁夏', '中卫', '中卫');
INSERT INTO `tb_site` VALUES ('1215', '宁夏', '中卫', '中宁');
INSERT INTO `tb_site` VALUES ('1216', '宁夏', '中卫', '海原');
INSERT INTO `tb_site` VALUES ('1217', '河南', '郑州', '郑州');
INSERT INTO `tb_site` VALUES ('1218', '河南', '郑州', '巩义');
INSERT INTO `tb_site` VALUES ('1219', '河南', '郑州', '荥阳');
INSERT INTO `tb_site` VALUES ('1220', '河南', '郑州', '登封');
INSERT INTO `tb_site` VALUES ('1221', '河南', '郑州', '新密');
INSERT INTO `tb_site` VALUES ('1222', '河南', '郑州', '新郑');
INSERT INTO `tb_site` VALUES ('1223', '河南', '郑州', '中牟');
INSERT INTO `tb_site` VALUES ('1224', '河南', '郑州', '上街');
INSERT INTO `tb_site` VALUES ('1225', '河南', '安阳', '安阳');
INSERT INTO `tb_site` VALUES ('1226', '河南', '安阳', '汤阴');
INSERT INTO `tb_site` VALUES ('1227', '河南', '安阳', '滑县');
INSERT INTO `tb_site` VALUES ('1228', '河南', '安阳', '内黄');
INSERT INTO `tb_site` VALUES ('1229', '河南', '安阳', '林州');
INSERT INTO `tb_site` VALUES ('1230', '河南', '新乡', '新乡');
INSERT INTO `tb_site` VALUES ('1231', '河南', '新乡', '获嘉');
INSERT INTO `tb_site` VALUES ('1232', '河南', '新乡', '原阳');
INSERT INTO `tb_site` VALUES ('1233', '河南', '新乡', '辉县');
INSERT INTO `tb_site` VALUES ('1234', '河南', '新乡', '卫辉');
INSERT INTO `tb_site` VALUES ('1235', '河南', '新乡', '延津');
INSERT INTO `tb_site` VALUES ('1236', '河南', '新乡', '封丘');
INSERT INTO `tb_site` VALUES ('1237', '河南', '新乡', '长垣');
INSERT INTO `tb_site` VALUES ('1238', '河南', '许昌', '许昌');
INSERT INTO `tb_site` VALUES ('1239', '河南', '许昌', '鄢陵');
INSERT INTO `tb_site` VALUES ('1240', '河南', '许昌', '襄城');
INSERT INTO `tb_site` VALUES ('1241', '河南', '许昌', '长葛');
INSERT INTO `tb_site` VALUES ('1242', '河南', '许昌', '禹州');
INSERT INTO `tb_site` VALUES ('1243', '河南', '平顶山', '平顶山');
INSERT INTO `tb_site` VALUES ('1244', '河南', '平顶山', '郏县');
INSERT INTO `tb_site` VALUES ('1245', '河南', '平顶山', '宝丰');
INSERT INTO `tb_site` VALUES ('1246', '河南', '平顶山', '汝州');
INSERT INTO `tb_site` VALUES ('1247', '河南', '平顶山', '叶县');
INSERT INTO `tb_site` VALUES ('1248', '河南', '平顶山', '舞钢');
INSERT INTO `tb_site` VALUES ('1249', '河南', '平顶山', '鲁山');
INSERT INTO `tb_site` VALUES ('1250', '河南', '平顶山', '石龙');
INSERT INTO `tb_site` VALUES ('1251', '河南', '信阳', '信阳');
INSERT INTO `tb_site` VALUES ('1252', '河南', '信阳', '息县');
INSERT INTO `tb_site` VALUES ('1253', '河南', '信阳', '罗山');
INSERT INTO `tb_site` VALUES ('1254', '河南', '信阳', '光山');
INSERT INTO `tb_site` VALUES ('1255', '河南', '信阳', '新县');
INSERT INTO `tb_site` VALUES ('1256', '河南', '信阳', '淮滨');
INSERT INTO `tb_site` VALUES ('1257', '河南', '信阳', '潢川');
INSERT INTO `tb_site` VALUES ('1258', '河南', '信阳', '固始');
INSERT INTO `tb_site` VALUES ('1259', '河南', '信阳', '商城');
INSERT INTO `tb_site` VALUES ('1260', '河南', '南阳', '南阳');
INSERT INTO `tb_site` VALUES ('1261', '河南', '南阳', '南召');
INSERT INTO `tb_site` VALUES ('1262', '河南', '南阳', '方城');
INSERT INTO `tb_site` VALUES ('1263', '河南', '南阳', '社旗');
INSERT INTO `tb_site` VALUES ('1264', '河南', '南阳', '西峡');
INSERT INTO `tb_site` VALUES ('1265', '河南', '南阳', '内乡');
INSERT INTO `tb_site` VALUES ('1266', '河南', '南阳', '镇平');
INSERT INTO `tb_site` VALUES ('1267', '河南', '南阳', '淅川');
INSERT INTO `tb_site` VALUES ('1268', '河南', '南阳', '新野');
INSERT INTO `tb_site` VALUES ('1269', '河南', '南阳', '唐河');
INSERT INTO `tb_site` VALUES ('1270', '河南', '南阳', '邓州');
INSERT INTO `tb_site` VALUES ('1271', '河南', '南阳', '桐柏');
INSERT INTO `tb_site` VALUES ('1272', '河南', '开封', '开封');
INSERT INTO `tb_site` VALUES ('1273', '河南', '开封', '杞县');
INSERT INTO `tb_site` VALUES ('1274', '河南', '开封', '尉氏');
INSERT INTO `tb_site` VALUES ('1275', '河南', '开封', '通许');
INSERT INTO `tb_site` VALUES ('1276', '河南', '开封', '兰考');
INSERT INTO `tb_site` VALUES ('1277', '河南', '洛阳', '洛阳');
INSERT INTO `tb_site` VALUES ('1278', '河南', '洛阳', '新安');
INSERT INTO `tb_site` VALUES ('1279', '河南', '洛阳', '孟津');
INSERT INTO `tb_site` VALUES ('1280', '河南', '洛阳', '宜阳');
INSERT INTO `tb_site` VALUES ('1281', '河南', '洛阳', '洛宁');
INSERT INTO `tb_site` VALUES ('1282', '河南', '洛阳', '伊川');
INSERT INTO `tb_site` VALUES ('1283', '河南', '洛阳', '嵩县');
INSERT INTO `tb_site` VALUES ('1284', '河南', '洛阳', '偃师');
INSERT INTO `tb_site` VALUES ('1285', '河南', '洛阳', '栾川');
INSERT INTO `tb_site` VALUES ('1286', '河南', '洛阳', '汝阳');
INSERT INTO `tb_site` VALUES ('1287', '河南', '洛阳', '吉利');
INSERT INTO `tb_site` VALUES ('1288', '河南', '商丘', '商丘');
INSERT INTO `tb_site` VALUES ('1289', '河南', '商丘', '睢县');
INSERT INTO `tb_site` VALUES ('1290', '河南', '商丘', '民权');
INSERT INTO `tb_site` VALUES ('1291', '河南', '商丘', '虞城');
INSERT INTO `tb_site` VALUES ('1292', '河南', '商丘', '柘城');
INSERT INTO `tb_site` VALUES ('1293', '河南', '商丘', '宁陵');
INSERT INTO `tb_site` VALUES ('1294', '河南', '商丘', '夏邑');
INSERT INTO `tb_site` VALUES ('1295', '河南', '商丘', '永城');
INSERT INTO `tb_site` VALUES ('1296', '河南', '焦作', '焦作');
INSERT INTO `tb_site` VALUES ('1297', '河南', '焦作', '修武');
INSERT INTO `tb_site` VALUES ('1298', '河南', '焦作', '武陟');
INSERT INTO `tb_site` VALUES ('1299', '河南', '焦作', '沁阳');
INSERT INTO `tb_site` VALUES ('1300', '河南', '焦作', '博爱');
INSERT INTO `tb_site` VALUES ('1301', '河南', '焦作', '温县');
INSERT INTO `tb_site` VALUES ('1302', '河南', '焦作', '孟州');
INSERT INTO `tb_site` VALUES ('1303', '河南', '鹤壁', '鹤壁');
INSERT INTO `tb_site` VALUES ('1304', '河南', '鹤壁', '浚县');
INSERT INTO `tb_site` VALUES ('1305', '河南', '鹤壁', '淇县');
INSERT INTO `tb_site` VALUES ('1306', '河南', '濮阳', '濮阳');
INSERT INTO `tb_site` VALUES ('1307', '河南', '濮阳', '台前');
INSERT INTO `tb_site` VALUES ('1308', '河南', '濮阳', '南乐');
INSERT INTO `tb_site` VALUES ('1309', '河南', '濮阳', '清丰');
INSERT INTO `tb_site` VALUES ('1310', '河南', '濮阳', '范县');
INSERT INTO `tb_site` VALUES ('1311', '河南', '周口', '周口');
INSERT INTO `tb_site` VALUES ('1312', '河南', '周口', '扶沟');
INSERT INTO `tb_site` VALUES ('1313', '河南', '周口', '太康');
INSERT INTO `tb_site` VALUES ('1314', '河南', '周口', '淮阳');
INSERT INTO `tb_site` VALUES ('1315', '河南', '周口', '西华');
INSERT INTO `tb_site` VALUES ('1316', '河南', '周口', '商水');
INSERT INTO `tb_site` VALUES ('1317', '河南', '周口', '项城');
INSERT INTO `tb_site` VALUES ('1318', '河南', '周口', '郸城');
INSERT INTO `tb_site` VALUES ('1319', '河南', '周口', '鹿邑');
INSERT INTO `tb_site` VALUES ('1320', '河南', '周口', '沈丘');
INSERT INTO `tb_site` VALUES ('1321', '河南', '漯河', '漯河');
INSERT INTO `tb_site` VALUES ('1322', '河南', '漯河', '临颍');
INSERT INTO `tb_site` VALUES ('1323', '河南', '漯河', '舞阳');
INSERT INTO `tb_site` VALUES ('1324', '河南', '驻马店', '驻马店');
INSERT INTO `tb_site` VALUES ('1325', '河南', '驻马店', '西平');
INSERT INTO `tb_site` VALUES ('1326', '河南', '驻马店', '遂平');
INSERT INTO `tb_site` VALUES ('1327', '河南', '驻马店', '上蔡');
INSERT INTO `tb_site` VALUES ('1328', '河南', '驻马店', '汝南');
INSERT INTO `tb_site` VALUES ('1329', '河南', '驻马店', '泌阳');
INSERT INTO `tb_site` VALUES ('1330', '河南', '驻马店', '平舆');
INSERT INTO `tb_site` VALUES ('1331', '河南', '驻马店', '新蔡');
INSERT INTO `tb_site` VALUES ('1332', '河南', '驻马店', '确山');
INSERT INTO `tb_site` VALUES ('1333', '河南', '驻马店', '正阳');
INSERT INTO `tb_site` VALUES ('1334', '河南', '三门峡', '三门峡');
INSERT INTO `tb_site` VALUES ('1335', '河南', '三门峡', '灵宝');
INSERT INTO `tb_site` VALUES ('1336', '河南', '三门峡', '渑池');
INSERT INTO `tb_site` VALUES ('1337', '河南', '三门峡', '卢氏');
INSERT INTO `tb_site` VALUES ('1338', '河南', '三门峡', '义马');
INSERT INTO `tb_site` VALUES ('1339', '河南', '三门峡', '陕县');
INSERT INTO `tb_site` VALUES ('1340', '河南', '济源', '济源');
INSERT INTO `tb_site` VALUES ('1341', '江苏', '南京', '南京');
INSERT INTO `tb_site` VALUES ('1342', '江苏', '南京', '溧水');
INSERT INTO `tb_site` VALUES ('1343', '江苏', '南京', '高淳');
INSERT INTO `tb_site` VALUES ('1344', '江苏', '南京', '江宁');
INSERT INTO `tb_site` VALUES ('1345', '江苏', '南京', '六合');
INSERT INTO `tb_site` VALUES ('1346', '江苏', '南京', '江浦');
INSERT INTO `tb_site` VALUES ('1347', '江苏', '南京', '浦口');
INSERT INTO `tb_site` VALUES ('1348', '江苏', '无锡', '无锡');
INSERT INTO `tb_site` VALUES ('1349', '江苏', '无锡', '江阴');
INSERT INTO `tb_site` VALUES ('1350', '江苏', '无锡', '宜兴');
INSERT INTO `tb_site` VALUES ('1351', '江苏', '无锡', '锡山');
INSERT INTO `tb_site` VALUES ('1352', '江苏', '镇江', '镇江');
INSERT INTO `tb_site` VALUES ('1353', '江苏', '镇江', '丹阳');
INSERT INTO `tb_site` VALUES ('1354', '江苏', '镇江', '扬中');
INSERT INTO `tb_site` VALUES ('1355', '江苏', '镇江', '句容');
INSERT INTO `tb_site` VALUES ('1356', '江苏', '镇江', '丹徒');
INSERT INTO `tb_site` VALUES ('1357', '江苏', '苏州', '苏州');
INSERT INTO `tb_site` VALUES ('1358', '江苏', '苏州', '常熟');
INSERT INTO `tb_site` VALUES ('1359', '江苏', '苏州', '张家港');
INSERT INTO `tb_site` VALUES ('1360', '江苏', '苏州', '昆山');
INSERT INTO `tb_site` VALUES ('1361', '江苏', '苏州', '吴中');
INSERT INTO `tb_site` VALUES ('1362', '江苏', '苏州', '吴江');
INSERT INTO `tb_site` VALUES ('1363', '江苏', '苏州', '太仓');
INSERT INTO `tb_site` VALUES ('1364', '江苏', '南通', '南通');
INSERT INTO `tb_site` VALUES ('1365', '江苏', '南通', '海安');
INSERT INTO `tb_site` VALUES ('1366', '江苏', '南通', '如皋');
INSERT INTO `tb_site` VALUES ('1367', '江苏', '南通', '如东');
INSERT INTO `tb_site` VALUES ('1368', '江苏', '南通', '启东');
INSERT INTO `tb_site` VALUES ('1369', '江苏', '南通', '海门');
INSERT INTO `tb_site` VALUES ('1370', '江苏', '南通', '通州');
INSERT INTO `tb_site` VALUES ('1371', '江苏', '扬州', '扬州');
INSERT INTO `tb_site` VALUES ('1372', '江苏', '扬州', '宝应');
INSERT INTO `tb_site` VALUES ('1373', '江苏', '扬州', '仪征');
INSERT INTO `tb_site` VALUES ('1374', '江苏', '扬州', '高邮');
INSERT INTO `tb_site` VALUES ('1375', '江苏', '扬州', '江都');
INSERT INTO `tb_site` VALUES ('1376', '江苏', '扬州', '邗江');
INSERT INTO `tb_site` VALUES ('1377', '江苏', '盐城', '盐城');
INSERT INTO `tb_site` VALUES ('1378', '江苏', '盐城', '响水');
INSERT INTO `tb_site` VALUES ('1379', '江苏', '盐城', '滨海');
INSERT INTO `tb_site` VALUES ('1380', '江苏', '盐城', '阜宁');
INSERT INTO `tb_site` VALUES ('1381', '江苏', '盐城', '射阳');
INSERT INTO `tb_site` VALUES ('1382', '江苏', '盐城', '建湖');
INSERT INTO `tb_site` VALUES ('1383', '江苏', '盐城', '东台');
INSERT INTO `tb_site` VALUES ('1384', '江苏', '盐城', '大丰');
INSERT INTO `tb_site` VALUES ('1385', '江苏', '盐城', '盐都');
INSERT INTO `tb_site` VALUES ('1386', '江苏', '徐州', '徐州');
INSERT INTO `tb_site` VALUES ('1387', '江苏', '徐州', '铜山');
INSERT INTO `tb_site` VALUES ('1388', '江苏', '徐州', '丰县');
INSERT INTO `tb_site` VALUES ('1389', '江苏', '徐州', '沛县');
INSERT INTO `tb_site` VALUES ('1390', '江苏', '徐州', '邳州');
INSERT INTO `tb_site` VALUES ('1391', '江苏', '徐州', '睢宁');
INSERT INTO `tb_site` VALUES ('1392', '江苏', '徐州', '新沂');
INSERT INTO `tb_site` VALUES ('1393', '江苏', '淮安', '淮安');
INSERT INTO `tb_site` VALUES ('1394', '江苏', '淮安', '金湖');
INSERT INTO `tb_site` VALUES ('1395', '江苏', '淮安', '盱眙');
INSERT INTO `tb_site` VALUES ('1396', '江苏', '淮安', '洪泽');
INSERT INTO `tb_site` VALUES ('1397', '江苏', '淮安', '涟水');
INSERT INTO `tb_site` VALUES ('1398', '江苏', '淮安', '淮阴区');
INSERT INTO `tb_site` VALUES ('1399', '江苏', '淮安', '淮安区');
INSERT INTO `tb_site` VALUES ('1400', '江苏', '连云港', '连云港');
INSERT INTO `tb_site` VALUES ('1401', '江苏', '连云港', '东海');
INSERT INTO `tb_site` VALUES ('1402', '江苏', '连云港', '赣榆');
INSERT INTO `tb_site` VALUES ('1403', '江苏', '连云港', '灌云');
INSERT INTO `tb_site` VALUES ('1404', '江苏', '连云港', '灌南');
INSERT INTO `tb_site` VALUES ('1405', '江苏', '常州', '常州');
INSERT INTO `tb_site` VALUES ('1406', '江苏', '常州', '溧阳');
INSERT INTO `tb_site` VALUES ('1407', '江苏', '常州', '金坛');
INSERT INTO `tb_site` VALUES ('1408', '江苏', '常州', '武进');
INSERT INTO `tb_site` VALUES ('1409', '江苏', '泰州', '泰州');
INSERT INTO `tb_site` VALUES ('1410', '江苏', '泰州', '兴化');
INSERT INTO `tb_site` VALUES ('1411', '江苏', '泰州', '泰兴');
INSERT INTO `tb_site` VALUES ('1412', '江苏', '泰州', '姜堰');
INSERT INTO `tb_site` VALUES ('1413', '江苏', '泰州', '靖江');
INSERT INTO `tb_site` VALUES ('1414', '江苏', '宿迁', '宿迁');
INSERT INTO `tb_site` VALUES ('1415', '江苏', '宿迁', '沭阳');
INSERT INTO `tb_site` VALUES ('1416', '江苏', '宿迁', '泗阳');
INSERT INTO `tb_site` VALUES ('1417', '江苏', '宿迁', '泗洪');
INSERT INTO `tb_site` VALUES ('1418', '江苏', '宿迁', '宿豫');
INSERT INTO `tb_site` VALUES ('1419', '湖北', '武汉', '武汉');
INSERT INTO `tb_site` VALUES ('1420', '湖北', '武汉', '蔡甸');
INSERT INTO `tb_site` VALUES ('1421', '湖北', '武汉', '黄陂');
INSERT INTO `tb_site` VALUES ('1422', '湖北', '武汉', '新洲');
INSERT INTO `tb_site` VALUES ('1423', '湖北', '武汉', '江夏');
INSERT INTO `tb_site` VALUES ('1424', '湖北', '武汉', '东西湖');
INSERT INTO `tb_site` VALUES ('1425', '湖北', '襄阳', '襄阳');
INSERT INTO `tb_site` VALUES ('1426', '湖北', '襄阳', '襄州');
INSERT INTO `tb_site` VALUES ('1427', '湖北', '襄阳', '保康');
INSERT INTO `tb_site` VALUES ('1428', '湖北', '襄阳', '南漳');
INSERT INTO `tb_site` VALUES ('1429', '湖北', '襄阳', '宜城');
INSERT INTO `tb_site` VALUES ('1430', '湖北', '襄阳', '老河口');
INSERT INTO `tb_site` VALUES ('1431', '湖北', '襄阳', '谷城');
INSERT INTO `tb_site` VALUES ('1432', '湖北', '襄阳', '枣阳');
INSERT INTO `tb_site` VALUES ('1433', '湖北', '鄂州', '鄂州');
INSERT INTO `tb_site` VALUES ('1434', '湖北', '鄂州', '梁子湖');
INSERT INTO `tb_site` VALUES ('1435', '湖北', '孝感', '孝感');
INSERT INTO `tb_site` VALUES ('1436', '湖北', '孝感', '安陆');
INSERT INTO `tb_site` VALUES ('1437', '湖北', '孝感', '云梦');
INSERT INTO `tb_site` VALUES ('1438', '湖北', '孝感', '大悟');
INSERT INTO `tb_site` VALUES ('1439', '湖北', '孝感', '应城');
INSERT INTO `tb_site` VALUES ('1440', '湖北', '孝感', '汉川');
INSERT INTO `tb_site` VALUES ('1441', '湖北', '孝感', '孝昌');
INSERT INTO `tb_site` VALUES ('1442', '湖北', '黄冈', '黄冈');
INSERT INTO `tb_site` VALUES ('1443', '湖北', '黄冈', '红安');
INSERT INTO `tb_site` VALUES ('1444', '湖北', '黄冈', '麻城');
INSERT INTO `tb_site` VALUES ('1445', '湖北', '黄冈', '罗田');
INSERT INTO `tb_site` VALUES ('1446', '湖北', '黄冈', '英山');
INSERT INTO `tb_site` VALUES ('1447', '湖北', '黄冈', '浠水');
INSERT INTO `tb_site` VALUES ('1448', '湖北', '黄冈', '蕲春');
INSERT INTO `tb_site` VALUES ('1449', '湖北', '黄冈', '黄梅');
INSERT INTO `tb_site` VALUES ('1450', '湖北', '黄冈', '武穴');
INSERT INTO `tb_site` VALUES ('1451', '湖北', '黄冈', '团风');
INSERT INTO `tb_site` VALUES ('1452', '湖北', '黄石', '黄石');
INSERT INTO `tb_site` VALUES ('1453', '湖北', '黄石', '大冶');
INSERT INTO `tb_site` VALUES ('1454', '湖北', '黄石', '阳新');
INSERT INTO `tb_site` VALUES ('1455', '湖北', '黄石', '铁山');
INSERT INTO `tb_site` VALUES ('1456', '湖北', '黄石', '下陆');
INSERT INTO `tb_site` VALUES ('1457', '湖北', '黄石', '西塞山');
INSERT INTO `tb_site` VALUES ('1458', '湖北', '咸宁', '咸宁');
INSERT INTO `tb_site` VALUES ('1459', '湖北', '咸宁', '赤壁');
INSERT INTO `tb_site` VALUES ('1460', '湖北', '咸宁', '嘉鱼');
INSERT INTO `tb_site` VALUES ('1461', '湖北', '咸宁', '崇阳');
INSERT INTO `tb_site` VALUES ('1462', '湖北', '咸宁', '通城');
INSERT INTO `tb_site` VALUES ('1463', '湖北', '咸宁', '通山');
INSERT INTO `tb_site` VALUES ('1464', '湖北', '荆州', '荆州');
INSERT INTO `tb_site` VALUES ('1465', '湖北', '荆州', '江陵');
INSERT INTO `tb_site` VALUES ('1466', '湖北', '荆州', '公安');
INSERT INTO `tb_site` VALUES ('1467', '湖北', '荆州', '石首');
INSERT INTO `tb_site` VALUES ('1468', '湖北', '荆州', '监利');
INSERT INTO `tb_site` VALUES ('1469', '湖北', '荆州', '洪湖');
INSERT INTO `tb_site` VALUES ('1470', '湖北', '荆州', '松滋');
INSERT INTO `tb_site` VALUES ('1471', '湖北', '宜昌', '宜昌');
INSERT INTO `tb_site` VALUES ('1472', '湖北', '宜昌', '远安');
INSERT INTO `tb_site` VALUES ('1473', '湖北', '宜昌', '秭归');
INSERT INTO `tb_site` VALUES ('1474', '湖北', '宜昌', '兴山');
INSERT INTO `tb_site` VALUES ('1475', '湖北', '宜昌', '宜昌县');
INSERT INTO `tb_site` VALUES ('1476', '湖北', '宜昌', '五峰');
INSERT INTO `tb_site` VALUES ('1477', '湖北', '宜昌', '当阳');
INSERT INTO `tb_site` VALUES ('1478', '湖北', '宜昌', '长阳');
INSERT INTO `tb_site` VALUES ('1479', '湖北', '宜昌', '宜都');
INSERT INTO `tb_site` VALUES ('1480', '湖北', '宜昌', '枝江');
INSERT INTO `tb_site` VALUES ('1481', '湖北', '宜昌', '三峡');
INSERT INTO `tb_site` VALUES ('1482', '湖北', '宜昌', '夷陵');
INSERT INTO `tb_site` VALUES ('1483', '湖北', '恩施', '恩施');
INSERT INTO `tb_site` VALUES ('1484', '湖北', '恩施', '利川');
INSERT INTO `tb_site` VALUES ('1485', '湖北', '恩施', '建始');
INSERT INTO `tb_site` VALUES ('1486', '湖北', '恩施', '咸丰');
INSERT INTO `tb_site` VALUES ('1487', '湖北', '恩施', '宣恩');
INSERT INTO `tb_site` VALUES ('1488', '湖北', '恩施', '鹤峰');
INSERT INTO `tb_site` VALUES ('1489', '湖北', '恩施', '来凤');
INSERT INTO `tb_site` VALUES ('1490', '湖北', '恩施', '巴东');
INSERT INTO `tb_site` VALUES ('1491', '湖北', '十堰', '十堰');
INSERT INTO `tb_site` VALUES ('1492', '湖北', '十堰', '竹溪');
INSERT INTO `tb_site` VALUES ('1493', '湖北', '十堰', '郧西');
INSERT INTO `tb_site` VALUES ('1494', '湖北', '十堰', '郧县');
INSERT INTO `tb_site` VALUES ('1495', '湖北', '十堰', '竹山');
INSERT INTO `tb_site` VALUES ('1496', '湖北', '十堰', '房县');
INSERT INTO `tb_site` VALUES ('1497', '湖北', '十堰', '丹江口');
INSERT INTO `tb_site` VALUES ('1498', '湖北', '十堰', '茅箭');
INSERT INTO `tb_site` VALUES ('1499', '湖北', '十堰', '张湾');
INSERT INTO `tb_site` VALUES ('1500', '湖北', '神农架', '神农架');
INSERT INTO `tb_site` VALUES ('1501', '湖北', '随州', '随州');
INSERT INTO `tb_site` VALUES ('1502', '湖北', '随州', '广水');
INSERT INTO `tb_site` VALUES ('1503', '湖北', '荆门', '荆门');
INSERT INTO `tb_site` VALUES ('1504', '湖北', '荆门', '钟祥');
INSERT INTO `tb_site` VALUES ('1505', '湖北', '荆门', '京山');
INSERT INTO `tb_site` VALUES ('1506', '湖北', '荆门', '掇刀');
INSERT INTO `tb_site` VALUES ('1507', '湖北', '荆门', '沙洋');
INSERT INTO `tb_site` VALUES ('1508', '湖北', '荆州', '沙市');
INSERT INTO `tb_site` VALUES ('1509', '湖北', '天门', '天门');
INSERT INTO `tb_site` VALUES ('1510', '湖北', '仙桃', '仙桃');
INSERT INTO `tb_site` VALUES ('1511', '湖北', '潜江', '潜江');
INSERT INTO `tb_site` VALUES ('1512', '浙江', '杭州', '杭州');
INSERT INTO `tb_site` VALUES ('1513', '浙江', '杭州', '萧山');
INSERT INTO `tb_site` VALUES ('1514', '浙江', '杭州', '桐庐');
INSERT INTO `tb_site` VALUES ('1515', '浙江', '杭州', '淳安');
INSERT INTO `tb_site` VALUES ('1516', '浙江', '杭州', '建德');
INSERT INTO `tb_site` VALUES ('1517', '浙江', '杭州', '余杭');
INSERT INTO `tb_site` VALUES ('1518', '浙江', '杭州', '临安');
INSERT INTO `tb_site` VALUES ('1519', '浙江', '杭州', '富阳');
INSERT INTO `tb_site` VALUES ('1520', '浙江', '湖州', '湖州');
INSERT INTO `tb_site` VALUES ('1521', '浙江', '湖州', '长兴');
INSERT INTO `tb_site` VALUES ('1522', '浙江', '湖州', '安吉');
INSERT INTO `tb_site` VALUES ('1523', '浙江', '湖州', '德清');
INSERT INTO `tb_site` VALUES ('1524', '浙江', '嘉兴', '嘉兴');
INSERT INTO `tb_site` VALUES ('1525', '浙江', '嘉兴', '嘉善');
INSERT INTO `tb_site` VALUES ('1526', '浙江', '嘉兴', '海宁');
INSERT INTO `tb_site` VALUES ('1527', '浙江', '嘉兴', '桐乡');
INSERT INTO `tb_site` VALUES ('1528', '浙江', '嘉兴', '平湖');
INSERT INTO `tb_site` VALUES ('1529', '浙江', '嘉兴', '海盐');
INSERT INTO `tb_site` VALUES ('1530', '浙江', '宁波', '宁波');
INSERT INTO `tb_site` VALUES ('1531', '浙江', '宁波', '慈溪');
INSERT INTO `tb_site` VALUES ('1532', '浙江', '宁波', '余姚');
INSERT INTO `tb_site` VALUES ('1533', '浙江', '宁波', '奉化');
INSERT INTO `tb_site` VALUES ('1534', '浙江', '宁波', '象山');
INSERT INTO `tb_site` VALUES ('1535', '浙江', '宁波', '宁海');
INSERT INTO `tb_site` VALUES ('1536', '浙江', '宁波', '北仑');
INSERT INTO `tb_site` VALUES ('1537', '浙江', '宁波', '鄞州');
INSERT INTO `tb_site` VALUES ('1538', '浙江', '宁波', '镇海');
INSERT INTO `tb_site` VALUES ('1539', '浙江', '绍兴', '绍兴');
INSERT INTO `tb_site` VALUES ('1540', '浙江', '绍兴', '诸暨');
INSERT INTO `tb_site` VALUES ('1541', '浙江', '绍兴', '上虞');
INSERT INTO `tb_site` VALUES ('1542', '浙江', '绍兴', '新昌');
INSERT INTO `tb_site` VALUES ('1543', '浙江', '绍兴', '嵊州');
INSERT INTO `tb_site` VALUES ('1544', '浙江', '台州', '台州');
INSERT INTO `tb_site` VALUES ('1545', '浙江', '台州', '玉环');
INSERT INTO `tb_site` VALUES ('1546', '浙江', '台州', '三门');
INSERT INTO `tb_site` VALUES ('1547', '浙江', '台州', '天台');
INSERT INTO `tb_site` VALUES ('1548', '浙江', '台州', '仙居');
INSERT INTO `tb_site` VALUES ('1549', '浙江', '台州', '温岭');
INSERT INTO `tb_site` VALUES ('1550', '浙江', '台州', '洪家');
INSERT INTO `tb_site` VALUES ('1551', '浙江', '台州', '临海');
INSERT INTO `tb_site` VALUES ('1552', '浙江', '台州', '椒江');
INSERT INTO `tb_site` VALUES ('1553', '浙江', '台州', '黄岩');
INSERT INTO `tb_site` VALUES ('1554', '浙江', '台州', '路桥');
INSERT INTO `tb_site` VALUES ('1555', '浙江', '温州', '温州');
INSERT INTO `tb_site` VALUES ('1556', '浙江', '温州', '泰顺');
INSERT INTO `tb_site` VALUES ('1557', '浙江', '温州', '文成');
INSERT INTO `tb_site` VALUES ('1558', '浙江', '温州', '平阳');
INSERT INTO `tb_site` VALUES ('1559', '浙江', '温州', '瑞安');
INSERT INTO `tb_site` VALUES ('1560', '浙江', '温州', '洞头');
INSERT INTO `tb_site` VALUES ('1561', '浙江', '温州', '乐清');
INSERT INTO `tb_site` VALUES ('1562', '浙江', '温州', '永嘉');
INSERT INTO `tb_site` VALUES ('1563', '浙江', '温州', '苍南');
INSERT INTO `tb_site` VALUES ('1564', '浙江', '丽水', '丽水');
INSERT INTO `tb_site` VALUES ('1565', '浙江', '丽水', '遂昌');
INSERT INTO `tb_site` VALUES ('1566', '浙江', '丽水', '龙泉');
INSERT INTO `tb_site` VALUES ('1567', '浙江', '丽水', '缙云');
INSERT INTO `tb_site` VALUES ('1568', '浙江', '丽水', '青田');
INSERT INTO `tb_site` VALUES ('1569', '浙江', '丽水', '云和');
INSERT INTO `tb_site` VALUES ('1570', '浙江', '丽水', '庆元');
INSERT INTO `tb_site` VALUES ('1571', '浙江', '丽水', '松阳');
INSERT INTO `tb_site` VALUES ('1572', '浙江', '丽水', '景宁');
INSERT INTO `tb_site` VALUES ('1573', '浙江', '金华', '金华');
INSERT INTO `tb_site` VALUES ('1574', '浙江', '金华', '浦江');
INSERT INTO `tb_site` VALUES ('1575', '浙江', '金华', '兰溪');
INSERT INTO `tb_site` VALUES ('1576', '浙江', '金华', '义乌');
INSERT INTO `tb_site` VALUES ('1577', '浙江', '金华', '东阳');
INSERT INTO `tb_site` VALUES ('1578', '浙江', '金华', '武义');
INSERT INTO `tb_site` VALUES ('1579', '浙江', '金华', '永康');
INSERT INTO `tb_site` VALUES ('1580', '浙江', '金华', '磐安');
INSERT INTO `tb_site` VALUES ('1581', '浙江', '衢州', '衢州');
INSERT INTO `tb_site` VALUES ('1582', '浙江', '衢州', '常山');
INSERT INTO `tb_site` VALUES ('1583', '浙江', '衢州', '开化');
INSERT INTO `tb_site` VALUES ('1584', '浙江', '衢州', '龙游');
INSERT INTO `tb_site` VALUES ('1585', '浙江', '衢州', '江山');
INSERT INTO `tb_site` VALUES ('1586', '浙江', '衢州', '衢江');
INSERT INTO `tb_site` VALUES ('1587', '浙江', '舟山', '舟山');
INSERT INTO `tb_site` VALUES ('1588', '浙江', '舟山', '嵊泗');
INSERT INTO `tb_site` VALUES ('1589', '浙江', '舟山', '岱山');
INSERT INTO `tb_site` VALUES ('1590', '浙江', '舟山', '普陀');
INSERT INTO `tb_site` VALUES ('1591', '浙江', '舟山', '定海');
INSERT INTO `tb_site` VALUES ('1592', '安徽', '合肥', '合肥');
INSERT INTO `tb_site` VALUES ('1593', '安徽', '合肥', '长丰');
INSERT INTO `tb_site` VALUES ('1594', '安徽', '合肥', '肥东');
INSERT INTO `tb_site` VALUES ('1595', '安徽', '合肥', '肥西');
INSERT INTO `tb_site` VALUES ('1596', '安徽', '蚌埠', '蚌埠');
INSERT INTO `tb_site` VALUES ('1597', '安徽', '蚌埠', '怀远');
INSERT INTO `tb_site` VALUES ('1598', '安徽', '蚌埠', '固镇');
INSERT INTO `tb_site` VALUES ('1599', '安徽', '蚌埠', '五河');
INSERT INTO `tb_site` VALUES ('1600', '安徽', '芜湖', '芜湖');
INSERT INTO `tb_site` VALUES ('1601', '安徽', '芜湖', '繁昌');
INSERT INTO `tb_site` VALUES ('1602', '安徽', '芜湖', '芜湖县');
INSERT INTO `tb_site` VALUES ('1603', '安徽', '芜湖', '南陵');
INSERT INTO `tb_site` VALUES ('1604', '安徽', '淮南', '淮南');
INSERT INTO `tb_site` VALUES ('1605', '安徽', '淮南', '凤台');
INSERT INTO `tb_site` VALUES ('1606', '安徽', '淮南', '潘集');
INSERT INTO `tb_site` VALUES ('1607', '安徽', '马鞍山', '马鞍山');
INSERT INTO `tb_site` VALUES ('1608', '安徽', '马鞍山', '当涂');
INSERT INTO `tb_site` VALUES ('1609', '安徽', '安庆', '安庆');
INSERT INTO `tb_site` VALUES ('1610', '安徽', '安庆', '枞阳');
INSERT INTO `tb_site` VALUES ('1611', '安徽', '安庆', '太湖');
INSERT INTO `tb_site` VALUES ('1612', '安徽', '安庆', '潜山');
INSERT INTO `tb_site` VALUES ('1613', '安徽', '安庆', '怀宁');
INSERT INTO `tb_site` VALUES ('1614', '安徽', '安庆', '宿松');
INSERT INTO `tb_site` VALUES ('1615', '安徽', '安庆', '望江');
INSERT INTO `tb_site` VALUES ('1616', '安徽', '安庆', '岳西');
INSERT INTO `tb_site` VALUES ('1617', '安徽', '安庆', '桐城');
INSERT INTO `tb_site` VALUES ('1618', '安徽', '宿州', '宿州');
INSERT INTO `tb_site` VALUES ('1619', '安徽', '宿州', '砀山');
INSERT INTO `tb_site` VALUES ('1620', '安徽', '宿州', '灵璧');
INSERT INTO `tb_site` VALUES ('1621', '安徽', '宿州', '泗县');
INSERT INTO `tb_site` VALUES ('1622', '安徽', '宿州', '萧县');
INSERT INTO `tb_site` VALUES ('1623', '安徽', '阜阳', '阜阳');
INSERT INTO `tb_site` VALUES ('1624', '安徽', '阜阳', '阜南');
INSERT INTO `tb_site` VALUES ('1625', '安徽', '阜阳', '颍上');
INSERT INTO `tb_site` VALUES ('1626', '安徽', '阜阳', '临泉');
INSERT INTO `tb_site` VALUES ('1627', '安徽', '阜阳', '界首');
INSERT INTO `tb_site` VALUES ('1628', '安徽', '阜阳', '太和');
INSERT INTO `tb_site` VALUES ('1629', '安徽', '亳州', '亳州');
INSERT INTO `tb_site` VALUES ('1630', '安徽', '亳州', '涡阳');
INSERT INTO `tb_site` VALUES ('1631', '安徽', '亳州', '利辛');
INSERT INTO `tb_site` VALUES ('1632', '安徽', '亳州', '蒙城');
INSERT INTO `tb_site` VALUES ('1633', '安徽', '黄山', '黄山');
INSERT INTO `tb_site` VALUES ('1634', '安徽', '黄山', '黄山区');
INSERT INTO `tb_site` VALUES ('1635', '安徽', '黄山', '屯溪');
INSERT INTO `tb_site` VALUES ('1636', '安徽', '黄山', '祁门');
INSERT INTO `tb_site` VALUES ('1637', '安徽', '黄山', '黟县');
INSERT INTO `tb_site` VALUES ('1638', '安徽', '黄山', '歙县');
INSERT INTO `tb_site` VALUES ('1639', '安徽', '黄山', '休宁');
INSERT INTO `tb_site` VALUES ('1640', '安徽', '黄山', '黄山风景区');
INSERT INTO `tb_site` VALUES ('1641', '安徽', '滁州', '滁州');
INSERT INTO `tb_site` VALUES ('1642', '安徽', '滁州', '凤阳');
INSERT INTO `tb_site` VALUES ('1643', '安徽', '滁州', '明光');
INSERT INTO `tb_site` VALUES ('1644', '安徽', '滁州', '定远');
INSERT INTO `tb_site` VALUES ('1645', '安徽', '滁州', '全椒');
INSERT INTO `tb_site` VALUES ('1646', '安徽', '滁州', '来安');
INSERT INTO `tb_site` VALUES ('1647', '安徽', '滁州', '天长');
INSERT INTO `tb_site` VALUES ('1648', '安徽', '淮北', '淮北');
INSERT INTO `tb_site` VALUES ('1649', '安徽', '淮北', '濉溪');
INSERT INTO `tb_site` VALUES ('1650', '安徽', '铜陵', '铜陵');
INSERT INTO `tb_site` VALUES ('1651', '安徽', '宣城', '宣城');
INSERT INTO `tb_site` VALUES ('1652', '安徽', '宣城', '泾县');
INSERT INTO `tb_site` VALUES ('1653', '安徽', '宣城', '旌德');
INSERT INTO `tb_site` VALUES ('1654', '安徽', '宣城', '宁国');
INSERT INTO `tb_site` VALUES ('1655', '安徽', '宣城', '绩溪');
INSERT INTO `tb_site` VALUES ('1656', '安徽', '宣城', '广德');
INSERT INTO `tb_site` VALUES ('1657', '安徽', '宣城', '郎溪');
INSERT INTO `tb_site` VALUES ('1658', '安徽', '六安', '六安');
INSERT INTO `tb_site` VALUES ('1659', '安徽', '六安', '霍邱');
INSERT INTO `tb_site` VALUES ('1660', '安徽', '六安', '寿县');
INSERT INTO `tb_site` VALUES ('1661', '安徽', '六安', '金寨');
INSERT INTO `tb_site` VALUES ('1662', '安徽', '六安', '霍山');
INSERT INTO `tb_site` VALUES ('1663', '安徽', '六安', '舒城');
INSERT INTO `tb_site` VALUES ('1664', '安徽', '巢湖', '巢湖');
INSERT INTO `tb_site` VALUES ('1665', '安徽', '巢湖', '庐江');
INSERT INTO `tb_site` VALUES ('1666', '安徽', '巢湖', '无为');
INSERT INTO `tb_site` VALUES ('1667', '安徽', '巢湖', '含山');
INSERT INTO `tb_site` VALUES ('1668', '安徽', '巢湖', '和县');
INSERT INTO `tb_site` VALUES ('1669', '安徽', '池州', '池州');
INSERT INTO `tb_site` VALUES ('1670', '安徽', '池州', '东至');
INSERT INTO `tb_site` VALUES ('1671', '安徽', '池州', '青阳');
INSERT INTO `tb_site` VALUES ('1672', '安徽', '池州', '九华山');
INSERT INTO `tb_site` VALUES ('1673', '安徽', '池州', '石台');
INSERT INTO `tb_site` VALUES ('1674', '福建', '福州', '福州');
INSERT INTO `tb_site` VALUES ('1675', '福建', '福州', '闽清');
INSERT INTO `tb_site` VALUES ('1676', '福建', '福州', '闽侯');
INSERT INTO `tb_site` VALUES ('1677', '福建', '福州', '罗源');
INSERT INTO `tb_site` VALUES ('1678', '福建', '福州', '连江');
INSERT INTO `tb_site` VALUES ('1679', '福建', '福州', '永泰');
INSERT INTO `tb_site` VALUES ('1680', '福建', '福州', '平潭');
INSERT INTO `tb_site` VALUES ('1681', '福建', '福州', '长乐');
INSERT INTO `tb_site` VALUES ('1682', '福建', '福州', '福清');
INSERT INTO `tb_site` VALUES ('1683', '福建', '厦门', '厦门');
INSERT INTO `tb_site` VALUES ('1684', '福建', '厦门', '同安');
INSERT INTO `tb_site` VALUES ('1685', '福建', '宁德', '宁德');
INSERT INTO `tb_site` VALUES ('1686', '福建', '宁德', '古田');
INSERT INTO `tb_site` VALUES ('1687', '福建', '宁德', '霞浦');
INSERT INTO `tb_site` VALUES ('1688', '福建', '宁德', '寿宁');
INSERT INTO `tb_site` VALUES ('1689', '福建', '宁德', '周宁');
INSERT INTO `tb_site` VALUES ('1690', '福建', '宁德', '福安');
INSERT INTO `tb_site` VALUES ('1691', '福建', '宁德', '柘荣');
INSERT INTO `tb_site` VALUES ('1692', '福建', '宁德', '福鼎');
INSERT INTO `tb_site` VALUES ('1693', '福建', '宁德', '屏南');
INSERT INTO `tb_site` VALUES ('1694', '福建', '莆田', '莆田');
INSERT INTO `tb_site` VALUES ('1695', '福建', '莆田', '仙游');
INSERT INTO `tb_site` VALUES ('1696', '福建', '莆田', '秀屿港');
INSERT INTO `tb_site` VALUES ('1697', '福建', '莆田', '涵江');
INSERT INTO `tb_site` VALUES ('1698', '福建', '莆田', '秀屿');
INSERT INTO `tb_site` VALUES ('1699', '福建', '莆田', '荔城');
INSERT INTO `tb_site` VALUES ('1700', '福建', '莆田', '城厢');
INSERT INTO `tb_site` VALUES ('1701', '福建', '泉州', '泉州');
INSERT INTO `tb_site` VALUES ('1702', '福建', '泉州', '安溪');
INSERT INTO `tb_site` VALUES ('1703', '福建', '泉州', '永春');
INSERT INTO `tb_site` VALUES ('1704', '福建', '泉州', '德化');
INSERT INTO `tb_site` VALUES ('1705', '福建', '泉州', '南安');
INSERT INTO `tb_site` VALUES ('1706', '福建', '泉州', '崇武');
INSERT INTO `tb_site` VALUES ('1707', '福建', '泉州', '惠安');
INSERT INTO `tb_site` VALUES ('1708', '福建', '泉州', '晋江');
INSERT INTO `tb_site` VALUES ('1709', '福建', '泉州', '石狮');
INSERT INTO `tb_site` VALUES ('1710', '福建', '漳州', '漳州');
INSERT INTO `tb_site` VALUES ('1711', '福建', '漳州', '长泰');
INSERT INTO `tb_site` VALUES ('1712', '福建', '漳州', '南靖');
INSERT INTO `tb_site` VALUES ('1713', '福建', '漳州', '平和');
INSERT INTO `tb_site` VALUES ('1714', '福建', '漳州', '龙海');
INSERT INTO `tb_site` VALUES ('1715', '福建', '漳州', '漳浦');
INSERT INTO `tb_site` VALUES ('1716', '福建', '漳州', '诏安');
INSERT INTO `tb_site` VALUES ('1717', '福建', '漳州', '东山');
INSERT INTO `tb_site` VALUES ('1718', '福建', '漳州', '云霄');
INSERT INTO `tb_site` VALUES ('1719', '福建', '漳州', '华安');
INSERT INTO `tb_site` VALUES ('1720', '福建', '龙岩', '龙岩');
INSERT INTO `tb_site` VALUES ('1721', '福建', '龙岩', '长汀');
INSERT INTO `tb_site` VALUES ('1722', '福建', '龙岩', '连城');
INSERT INTO `tb_site` VALUES ('1723', '福建', '龙岩', '武平');
INSERT INTO `tb_site` VALUES ('1724', '福建', '龙岩', '上杭');
INSERT INTO `tb_site` VALUES ('1725', '福建', '龙岩', '永定');
INSERT INTO `tb_site` VALUES ('1726', '福建', '龙岩', '漳平');
INSERT INTO `tb_site` VALUES ('1727', '福建', '三明', '三明');
INSERT INTO `tb_site` VALUES ('1728', '福建', '三明', '宁化');
INSERT INTO `tb_site` VALUES ('1729', '福建', '三明', '清流');
INSERT INTO `tb_site` VALUES ('1730', '福建', '三明', '泰宁');
INSERT INTO `tb_site` VALUES ('1731', '福建', '三明', '将乐');
INSERT INTO `tb_site` VALUES ('1732', '福建', '三明', '建宁');
INSERT INTO `tb_site` VALUES ('1733', '福建', '三明', '明溪');
INSERT INTO `tb_site` VALUES ('1734', '福建', '三明', '沙县');
INSERT INTO `tb_site` VALUES ('1735', '福建', '三明', '尤溪');
INSERT INTO `tb_site` VALUES ('1736', '福建', '三明', '永安');
INSERT INTO `tb_site` VALUES ('1737', '福建', '三明', '大田');
INSERT INTO `tb_site` VALUES ('1738', '福建', '南平', '南平');
INSERT INTO `tb_site` VALUES ('1739', '福建', '南平', '顺昌');
INSERT INTO `tb_site` VALUES ('1740', '福建', '南平', '光泽');
INSERT INTO `tb_site` VALUES ('1741', '福建', '南平', '邵武');
INSERT INTO `tb_site` VALUES ('1742', '福建', '南平', '武夷山');
INSERT INTO `tb_site` VALUES ('1743', '福建', '南平', '浦城');
INSERT INTO `tb_site` VALUES ('1744', '福建', '南平', '建阳');
INSERT INTO `tb_site` VALUES ('1745', '福建', '南平', '松溪');
INSERT INTO `tb_site` VALUES ('1746', '福建', '南平', '政和');
INSERT INTO `tb_site` VALUES ('1747', '福建', '南平', '建瓯');
INSERT INTO `tb_site` VALUES ('1748', '福建', '钓鱼岛', '钓鱼岛');
INSERT INTO `tb_site` VALUES ('1749', '江西', '南昌', '南昌');
INSERT INTO `tb_site` VALUES ('1750', '江西', '南昌', '新建');
INSERT INTO `tb_site` VALUES ('1751', '江西', '南昌', '南昌县');
INSERT INTO `tb_site` VALUES ('1752', '江西', '南昌', '安义');
INSERT INTO `tb_site` VALUES ('1753', '江西', '南昌', '进贤');
INSERT INTO `tb_site` VALUES ('1754', '江西', '南昌', '莲塘');
INSERT INTO `tb_site` VALUES ('1755', '江西', '九江', '九江');
INSERT INTO `tb_site` VALUES ('1756', '江西', '九江', '瑞昌');
INSERT INTO `tb_site` VALUES ('1757', '江西', '九江', '庐山');
INSERT INTO `tb_site` VALUES ('1758', '江西', '九江', '武宁');
INSERT INTO `tb_site` VALUES ('1759', '江西', '九江', '德安');
INSERT INTO `tb_site` VALUES ('1760', '江西', '九江', '永修');
INSERT INTO `tb_site` VALUES ('1761', '江西', '九江', '湖口');
INSERT INTO `tb_site` VALUES ('1762', '江西', '九江', '彭泽');
INSERT INTO `tb_site` VALUES ('1763', '江西', '九江', '星子');
INSERT INTO `tb_site` VALUES ('1764', '江西', '九江', '都昌');
INSERT INTO `tb_site` VALUES ('1765', '江西', '九江', '修水');
INSERT INTO `tb_site` VALUES ('1766', '江西', '九江', '澎泽');
INSERT INTO `tb_site` VALUES ('1767', '江西', '上饶', '上饶');
INSERT INTO `tb_site` VALUES ('1768', '江西', '上饶', '鄱阳');
INSERT INTO `tb_site` VALUES ('1769', '江西', '上饶', '婺源');
INSERT INTO `tb_site` VALUES ('1770', '江西', '上饶', '余干');
INSERT INTO `tb_site` VALUES ('1771', '江西', '上饶', '万年');
INSERT INTO `tb_site` VALUES ('1772', '江西', '上饶', '德兴');
INSERT INTO `tb_site` VALUES ('1773', '江西', '上饶', '上饶县');
INSERT INTO `tb_site` VALUES ('1774', '江西', '上饶', '弋阳');
INSERT INTO `tb_site` VALUES ('1775', '江西', '上饶', '横峰');
INSERT INTO `tb_site` VALUES ('1776', '江西', '上饶', '铅山');
INSERT INTO `tb_site` VALUES ('1777', '江西', '上饶', '玉山');
INSERT INTO `tb_site` VALUES ('1778', '江西', '上饶', '广丰');
INSERT INTO `tb_site` VALUES ('1779', '江西', '抚州', '抚州');
INSERT INTO `tb_site` VALUES ('1780', '江西', '抚州', '广昌');
INSERT INTO `tb_site` VALUES ('1781', '江西', '抚州', '乐安');
INSERT INTO `tb_site` VALUES ('1782', '江西', '抚州', '崇仁');
INSERT INTO `tb_site` VALUES ('1783', '江西', '抚州', '金溪');
INSERT INTO `tb_site` VALUES ('1784', '江西', '抚州', '资溪');
INSERT INTO `tb_site` VALUES ('1785', '江西', '抚州', '宜黄');
INSERT INTO `tb_site` VALUES ('1786', '江西', '抚州', '南城');
INSERT INTO `tb_site` VALUES ('1787', '江西', '抚州', '南丰');
INSERT INTO `tb_site` VALUES ('1788', '江西', '抚州', '黎川');
INSERT INTO `tb_site` VALUES ('1789', '江西', '抚州', '东乡');
INSERT INTO `tb_site` VALUES ('1790', '江西', '宜春', '宜春');
INSERT INTO `tb_site` VALUES ('1791', '江西', '宜春', '铜鼓');
INSERT INTO `tb_site` VALUES ('1792', '江西', '宜春', '宜丰');
INSERT INTO `tb_site` VALUES ('1793', '江西', '宜春', '万载');
INSERT INTO `tb_site` VALUES ('1794', '江西', '宜春', '上高');
INSERT INTO `tb_site` VALUES ('1795', '江西', '宜春', '靖安');
INSERT INTO `tb_site` VALUES ('1796', '江西', '宜春', '奉新');
INSERT INTO `tb_site` VALUES ('1797', '江西', '宜春', '高安');
INSERT INTO `tb_site` VALUES ('1798', '江西', '宜春', '樟树');
INSERT INTO `tb_site` VALUES ('1799', '江西', '宜春', '丰城');
INSERT INTO `tb_site` VALUES ('1800', '江西', '吉安', '吉安');
INSERT INTO `tb_site` VALUES ('1801', '江西', '吉安', '吉安县');
INSERT INTO `tb_site` VALUES ('1802', '江西', '吉安', '吉水');
INSERT INTO `tb_site` VALUES ('1803', '江西', '吉安', '新干');
INSERT INTO `tb_site` VALUES ('1804', '江西', '吉安', '峡江');
INSERT INTO `tb_site` VALUES ('1805', '江西', '吉安', '永丰');
INSERT INTO `tb_site` VALUES ('1806', '江西', '吉安', '永新');
INSERT INTO `tb_site` VALUES ('1807', '江西', '吉安', '井冈山');
INSERT INTO `tb_site` VALUES ('1808', '江西', '吉安', '万安');
INSERT INTO `tb_site` VALUES ('1809', '江西', '吉安', '遂川');
INSERT INTO `tb_site` VALUES ('1810', '江西', '吉安', '泰和');
INSERT INTO `tb_site` VALUES ('1811', '江西', '吉安', '安福');
INSERT INTO `tb_site` VALUES ('1812', '江西', '吉安', '宁冈');
INSERT INTO `tb_site` VALUES ('1813', '江西', '赣州', '赣州');
INSERT INTO `tb_site` VALUES ('1814', '江西', '赣州', '崇义');
INSERT INTO `tb_site` VALUES ('1815', '江西', '赣州', '上犹');
INSERT INTO `tb_site` VALUES ('1816', '江西', '赣州', '南康');
INSERT INTO `tb_site` VALUES ('1817', '江西', '赣州', '大余');
INSERT INTO `tb_site` VALUES ('1818', '江西', '赣州', '信丰');
INSERT INTO `tb_site` VALUES ('1819', '江西', '赣州', '宁都');
INSERT INTO `tb_site` VALUES ('1820', '江西', '赣州', '石城');
INSERT INTO `tb_site` VALUES ('1821', '江西', '赣州', '瑞金');
INSERT INTO `tb_site` VALUES ('1822', '江西', '赣州', '于都');
INSERT INTO `tb_site` VALUES ('1823', '江西', '赣州', '会昌');
INSERT INTO `tb_site` VALUES ('1824', '江西', '赣州', '安远');
INSERT INTO `tb_site` VALUES ('1825', '江西', '赣州', '全南');
INSERT INTO `tb_site` VALUES ('1826', '江西', '赣州', '龙南');
INSERT INTO `tb_site` VALUES ('1827', '江西', '赣州', '定南');
INSERT INTO `tb_site` VALUES ('1828', '江西', '赣州', '寻乌');
INSERT INTO `tb_site` VALUES ('1829', '江西', '赣州', '兴国');
INSERT INTO `tb_site` VALUES ('1830', '江西', '赣州', '赣县');
INSERT INTO `tb_site` VALUES ('1831', '江西', '景德镇', '景德镇');
INSERT INTO `tb_site` VALUES ('1832', '江西', '景德镇', '乐平');
INSERT INTO `tb_site` VALUES ('1833', '江西', '景德镇', '浮梁');
INSERT INTO `tb_site` VALUES ('1834', '江西', '萍乡', '萍乡');
INSERT INTO `tb_site` VALUES ('1835', '江西', '萍乡', '莲花');
INSERT INTO `tb_site` VALUES ('1836', '江西', '萍乡', '上栗');
INSERT INTO `tb_site` VALUES ('1837', '江西', '萍乡', '安源');
INSERT INTO `tb_site` VALUES ('1838', '江西', '萍乡', '芦溪');
INSERT INTO `tb_site` VALUES ('1839', '江西', '萍乡', '湘东');
INSERT INTO `tb_site` VALUES ('1840', '江西', '新余', '新余');
INSERT INTO `tb_site` VALUES ('1841', '江西', '新余', '分宜');
INSERT INTO `tb_site` VALUES ('1842', '江西', '鹰潭', '鹰潭');
INSERT INTO `tb_site` VALUES ('1843', '江西', '鹰潭', '余江');
INSERT INTO `tb_site` VALUES ('1844', '江西', '鹰潭', '贵溪');
INSERT INTO `tb_site` VALUES ('1845', '湖南', '长沙', '长沙');
INSERT INTO `tb_site` VALUES ('1846', '湖南', '长沙', '宁乡');
INSERT INTO `tb_site` VALUES ('1847', '湖南', '长沙', '浏阳');
INSERT INTO `tb_site` VALUES ('1848', '湖南', '长沙', '马坡岭');
INSERT INTO `tb_site` VALUES ('1849', '湖南', '长沙', '望城');
INSERT INTO `tb_site` VALUES ('1850', '湖南', '湘潭', '湘潭');
INSERT INTO `tb_site` VALUES ('1851', '湖南', '湘潭', '韶山');
INSERT INTO `tb_site` VALUES ('1852', '湖南', '湘潭', '湘乡');
INSERT INTO `tb_site` VALUES ('1853', '湖南', '株洲', '株洲');
INSERT INTO `tb_site` VALUES ('1854', '湖南', '株洲', '攸县');
INSERT INTO `tb_site` VALUES ('1855', '湖南', '株洲', '醴陵');
INSERT INTO `tb_site` VALUES ('1856', '湖南', '株洲', '茶陵');
INSERT INTO `tb_site` VALUES ('1857', '湖南', '株洲', '炎陵');
INSERT INTO `tb_site` VALUES ('1858', '湖南', '衡阳', '衡阳');
INSERT INTO `tb_site` VALUES ('1859', '湖南', '衡阳', '衡山');
INSERT INTO `tb_site` VALUES ('1860', '湖南', '衡阳', '衡东');
INSERT INTO `tb_site` VALUES ('1861', '湖南', '衡阳', '祁东');
INSERT INTO `tb_site` VALUES ('1862', '湖南', '衡阳', '衡阳县');
INSERT INTO `tb_site` VALUES ('1863', '湖南', '衡阳', '常宁');
INSERT INTO `tb_site` VALUES ('1864', '湖南', '衡阳', '衡南');
INSERT INTO `tb_site` VALUES ('1865', '湖南', '衡阳', '耒阳');
INSERT INTO `tb_site` VALUES ('1866', '湖南', '衡阳', '南岳');
INSERT INTO `tb_site` VALUES ('1867', '湖南', '郴州', '郴州');
INSERT INTO `tb_site` VALUES ('1868', '湖南', '郴州', '桂阳');
INSERT INTO `tb_site` VALUES ('1869', '湖南', '郴州', '嘉禾');
INSERT INTO `tb_site` VALUES ('1870', '湖南', '郴州', '宜章');
INSERT INTO `tb_site` VALUES ('1871', '湖南', '郴州', '临武');
INSERT INTO `tb_site` VALUES ('1872', '湖南', '郴州', '资兴');
INSERT INTO `tb_site` VALUES ('1873', '湖南', '郴州', '汝城');
INSERT INTO `tb_site` VALUES ('1874', '湖南', '郴州', '安仁');
INSERT INTO `tb_site` VALUES ('1875', '湖南', '郴州', '永兴');
INSERT INTO `tb_site` VALUES ('1876', '湖南', '郴州', '桂东');
INSERT INTO `tb_site` VALUES ('1877', '湖南', '郴州', '苏仙');
INSERT INTO `tb_site` VALUES ('1878', '湖南', '常德', '常德');
INSERT INTO `tb_site` VALUES ('1879', '湖南', '常德', '安乡');
INSERT INTO `tb_site` VALUES ('1880', '湖南', '常德', '桃源');
INSERT INTO `tb_site` VALUES ('1881', '湖南', '常德', '汉寿');
INSERT INTO `tb_site` VALUES ('1882', '湖南', '常德', '澧县');
INSERT INTO `tb_site` VALUES ('1883', '湖南', '常德', '临澧');
INSERT INTO `tb_site` VALUES ('1884', '湖南', '常德', '石门');
INSERT INTO `tb_site` VALUES ('1885', '湖南', '常德', '津市');
INSERT INTO `tb_site` VALUES ('1886', '湖南', '益阳', '益阳');
INSERT INTO `tb_site` VALUES ('1887', '湖南', '益阳', '赫山区');
INSERT INTO `tb_site` VALUES ('1888', '湖南', '益阳', '南县');
INSERT INTO `tb_site` VALUES ('1889', '湖南', '益阳', '桃江');
INSERT INTO `tb_site` VALUES ('1890', '湖南', '益阳', '安化');
INSERT INTO `tb_site` VALUES ('1891', '湖南', '益阳', '沅江');
INSERT INTO `tb_site` VALUES ('1892', '湖南', '娄底', '娄底');
INSERT INTO `tb_site` VALUES ('1893', '湖南', '娄底', '双峰');
INSERT INTO `tb_site` VALUES ('1894', '湖南', '娄底', '冷水江');
INSERT INTO `tb_site` VALUES ('1895', '湖南', '娄底', '新化');
INSERT INTO `tb_site` VALUES ('1896', '湖南', '娄底', '涟源');
INSERT INTO `tb_site` VALUES ('1897', '湖南', '邵阳', '邵阳');
INSERT INTO `tb_site` VALUES ('1898', '湖南', '邵阳', '隆回');
INSERT INTO `tb_site` VALUES ('1899', '湖南', '邵阳', '洞口');
INSERT INTO `tb_site` VALUES ('1900', '湖南', '邵阳', '新邵');
INSERT INTO `tb_site` VALUES ('1901', '湖南', '邵阳', '邵东');
INSERT INTO `tb_site` VALUES ('1902', '湖南', '邵阳', '绥宁');
INSERT INTO `tb_site` VALUES ('1903', '湖南', '邵阳', '新宁');
INSERT INTO `tb_site` VALUES ('1904', '湖南', '邵阳', '武冈');
INSERT INTO `tb_site` VALUES ('1905', '湖南', '邵阳', '城步');
INSERT INTO `tb_site` VALUES ('1906', '湖南', '邵阳', '邵阳县');
INSERT INTO `tb_site` VALUES ('1907', '湖南', '岳阳', '岳阳');
INSERT INTO `tb_site` VALUES ('1908', '湖南', '岳阳', '华容');
INSERT INTO `tb_site` VALUES ('1909', '湖南', '岳阳', '湘阴');
INSERT INTO `tb_site` VALUES ('1910', '湖南', '岳阳', '汨罗');
INSERT INTO `tb_site` VALUES ('1911', '湖南', '岳阳', '平江');
INSERT INTO `tb_site` VALUES ('1912', '湖南', '岳阳', '临湘');
INSERT INTO `tb_site` VALUES ('1913', '湖南', '张家界', '张家界');
INSERT INTO `tb_site` VALUES ('1914', '湖南', '张家界', '桑植');
INSERT INTO `tb_site` VALUES ('1915', '湖南', '张家界', '慈利');
INSERT INTO `tb_site` VALUES ('1916', '湖南', '张家界', '武陵源');
INSERT INTO `tb_site` VALUES ('1917', '湖南', '怀化', '怀化');
INSERT INTO `tb_site` VALUES ('1918', '湖南', '怀化', '沅陵');
INSERT INTO `tb_site` VALUES ('1919', '湖南', '怀化', '辰溪');
INSERT INTO `tb_site` VALUES ('1920', '湖南', '怀化', '靖州');
INSERT INTO `tb_site` VALUES ('1921', '湖南', '怀化', '会同');
INSERT INTO `tb_site` VALUES ('1922', '湖南', '怀化', '通道');
INSERT INTO `tb_site` VALUES ('1923', '湖南', '怀化', '麻阳');
INSERT INTO `tb_site` VALUES ('1924', '湖南', '怀化', '新晃');
INSERT INTO `tb_site` VALUES ('1925', '湖南', '怀化', '芷江');
INSERT INTO `tb_site` VALUES ('1926', '湖南', '怀化', '溆浦');
INSERT INTO `tb_site` VALUES ('1927', '湖南', '怀化', '中方');
INSERT INTO `tb_site` VALUES ('1928', '湖南', '怀化', '洪江');
INSERT INTO `tb_site` VALUES ('1929', '湖南', '永州', '永州');
INSERT INTO `tb_site` VALUES ('1930', '湖南', '永州', '祁阳');
INSERT INTO `tb_site` VALUES ('1931', '湖南', '永州', '东安');
INSERT INTO `tb_site` VALUES ('1932', '湖南', '永州', '双牌');
INSERT INTO `tb_site` VALUES ('1933', '湖南', '永州', '道县');
INSERT INTO `tb_site` VALUES ('1934', '湖南', '永州', '宁远');
INSERT INTO `tb_site` VALUES ('1935', '湖南', '永州', '江永');
INSERT INTO `tb_site` VALUES ('1936', '湖南', '永州', '蓝山');
INSERT INTO `tb_site` VALUES ('1937', '湖南', '永州', '新田');
INSERT INTO `tb_site` VALUES ('1938', '湖南', '永州', '江华');
INSERT INTO `tb_site` VALUES ('1939', '湖南', '永州', '冷水滩');
INSERT INTO `tb_site` VALUES ('1940', '湖南', '湘西', '吉首');
INSERT INTO `tb_site` VALUES ('1941', '湖南', '湘西', '保靖');
INSERT INTO `tb_site` VALUES ('1942', '湖南', '湘西', '永顺');
INSERT INTO `tb_site` VALUES ('1943', '湖南', '湘西', '古丈');
INSERT INTO `tb_site` VALUES ('1944', '湖南', '湘西', '凤凰');
INSERT INTO `tb_site` VALUES ('1945', '湖南', '湘西', '泸溪');
INSERT INTO `tb_site` VALUES ('1946', '湖南', '湘西', '龙山');
INSERT INTO `tb_site` VALUES ('1947', '湖南', '湘西', '花垣');
INSERT INTO `tb_site` VALUES ('1948', '贵州', '贵阳', '贵阳');
INSERT INTO `tb_site` VALUES ('1949', '贵州', '贵阳', '白云');
INSERT INTO `tb_site` VALUES ('1950', '贵州', '贵阳', '花溪');
INSERT INTO `tb_site` VALUES ('1951', '贵州', '贵阳', '乌当');
INSERT INTO `tb_site` VALUES ('1952', '贵州', '贵阳', '息烽');
INSERT INTO `tb_site` VALUES ('1953', '贵州', '贵阳', '开阳');
INSERT INTO `tb_site` VALUES ('1954', '贵州', '贵阳', '修文');
INSERT INTO `tb_site` VALUES ('1955', '贵州', '贵阳', '清镇');
INSERT INTO `tb_site` VALUES ('1956', '贵州', '贵阳', '小河');
INSERT INTO `tb_site` VALUES ('1957', '贵州', '贵阳', '云岩');
INSERT INTO `tb_site` VALUES ('1958', '贵州', '贵阳', '南明');
INSERT INTO `tb_site` VALUES ('1959', '贵州', '遵义', '遵义');
INSERT INTO `tb_site` VALUES ('1960', '贵州', '遵义', '遵义县');
INSERT INTO `tb_site` VALUES ('1961', '贵州', '遵义', '仁怀');
INSERT INTO `tb_site` VALUES ('1962', '贵州', '遵义', '绥阳');
INSERT INTO `tb_site` VALUES ('1963', '贵州', '遵义', '湄潭');
INSERT INTO `tb_site` VALUES ('1964', '贵州', '遵义', '凤冈');
INSERT INTO `tb_site` VALUES ('1965', '贵州', '遵义', '桐梓');
INSERT INTO `tb_site` VALUES ('1966', '贵州', '遵义', '赤水');
INSERT INTO `tb_site` VALUES ('1967', '贵州', '遵义', '习水');
INSERT INTO `tb_site` VALUES ('1968', '贵州', '遵义', '道真');
INSERT INTO `tb_site` VALUES ('1969', '贵州', '遵义', '正安');
INSERT INTO `tb_site` VALUES ('1970', '贵州', '遵义', '务川');
INSERT INTO `tb_site` VALUES ('1971', '贵州', '遵义', '余庆');
INSERT INTO `tb_site` VALUES ('1972', '贵州', '遵义', '汇川');
INSERT INTO `tb_site` VALUES ('1973', '贵州', '遵义', '红花岗');
INSERT INTO `tb_site` VALUES ('1974', '贵州', '安顺', '安顺');
INSERT INTO `tb_site` VALUES ('1975', '贵州', '安顺', '普定');
INSERT INTO `tb_site` VALUES ('1976', '贵州', '安顺', '镇宁');
INSERT INTO `tb_site` VALUES ('1977', '贵州', '安顺', '平坝');
INSERT INTO `tb_site` VALUES ('1978', '贵州', '安顺', '紫云');
INSERT INTO `tb_site` VALUES ('1979', '贵州', '安顺', '关岭');
INSERT INTO `tb_site` VALUES ('1980', '贵州', '黔南', '都匀');
INSERT INTO `tb_site` VALUES ('1981', '贵州', '黔南', '贵定');
INSERT INTO `tb_site` VALUES ('1982', '贵州', '黔南', '瓮安');
INSERT INTO `tb_site` VALUES ('1983', '贵州', '黔南', '长顺');
INSERT INTO `tb_site` VALUES ('1984', '贵州', '黔南', '福泉');
INSERT INTO `tb_site` VALUES ('1985', '贵州', '黔南', '惠水');
INSERT INTO `tb_site` VALUES ('1986', '贵州', '黔南', '龙里');
INSERT INTO `tb_site` VALUES ('1987', '贵州', '黔南', '罗甸');
INSERT INTO `tb_site` VALUES ('1988', '贵州', '黔南', '平塘');
INSERT INTO `tb_site` VALUES ('1989', '贵州', '黔南', '独山');
INSERT INTO `tb_site` VALUES ('1990', '贵州', '黔南', '三都');
INSERT INTO `tb_site` VALUES ('1991', '贵州', '黔南', '荔波');
INSERT INTO `tb_site` VALUES ('1992', '贵州', '黔东南', '凯里');
INSERT INTO `tb_site` VALUES ('1993', '贵州', '黔东南', '岑巩');
INSERT INTO `tb_site` VALUES ('1994', '贵州', '黔东南', '施秉');
INSERT INTO `tb_site` VALUES ('1995', '贵州', '黔东南', '镇远');
INSERT INTO `tb_site` VALUES ('1996', '贵州', '黔东南', '黄平');
INSERT INTO `tb_site` VALUES ('1997', '贵州', '黔东南', '麻江');
INSERT INTO `tb_site` VALUES ('1998', '贵州', '黔东南', '丹寨');
INSERT INTO `tb_site` VALUES ('1999', '贵州', '黔东南', '三穗');
INSERT INTO `tb_site` VALUES ('2000', '贵州', '黔东南', '台江');
INSERT INTO `tb_site` VALUES ('2001', '贵州', '黔东南', '剑河');
INSERT INTO `tb_site` VALUES ('2002', '贵州', '黔东南', '雷山');
INSERT INTO `tb_site` VALUES ('2003', '贵州', '黔东南', '黎平');
INSERT INTO `tb_site` VALUES ('2004', '贵州', '黔东南', '天柱');
INSERT INTO `tb_site` VALUES ('2005', '贵州', '黔东南', '锦屏');
INSERT INTO `tb_site` VALUES ('2006', '贵州', '黔东南', '榕江');
INSERT INTO `tb_site` VALUES ('2007', '贵州', '黔东南', '从江');
INSERT INTO `tb_site` VALUES ('2008', '贵州', '铜仁', '铜仁');
INSERT INTO `tb_site` VALUES ('2009', '贵州', '铜仁', '江口');
INSERT INTO `tb_site` VALUES ('2010', '贵州', '铜仁', '玉屏');
INSERT INTO `tb_site` VALUES ('2011', '贵州', '铜仁', '万山');
INSERT INTO `tb_site` VALUES ('2012', '贵州', '铜仁', '思南');
INSERT INTO `tb_site` VALUES ('2013', '贵州', '铜仁', '印江');
INSERT INTO `tb_site` VALUES ('2014', '贵州', '铜仁', '石阡');
INSERT INTO `tb_site` VALUES ('2015', '贵州', '铜仁', '沿河');
INSERT INTO `tb_site` VALUES ('2016', '贵州', '铜仁', '德江');
INSERT INTO `tb_site` VALUES ('2017', '贵州', '铜仁', '松桃');
INSERT INTO `tb_site` VALUES ('2018', '贵州', '毕节', '毕节');
INSERT INTO `tb_site` VALUES ('2019', '贵州', '毕节', '赫章');
INSERT INTO `tb_site` VALUES ('2020', '贵州', '毕节', '金沙');
INSERT INTO `tb_site` VALUES ('2021', '贵州', '毕节', '威宁');
INSERT INTO `tb_site` VALUES ('2022', '贵州', '毕节', '大方');
INSERT INTO `tb_site` VALUES ('2023', '贵州', '毕节', '纳雍');
INSERT INTO `tb_site` VALUES ('2024', '贵州', '毕节', '织金');
INSERT INTO `tb_site` VALUES ('2025', '贵州', '毕节', '黔西');
INSERT INTO `tb_site` VALUES ('2026', '贵州', '六盘水', '水城');
INSERT INTO `tb_site` VALUES ('2027', '贵州', '六盘水', '六枝');
INSERT INTO `tb_site` VALUES ('2028', '贵州', '六盘水', '盘县');
INSERT INTO `tb_site` VALUES ('2029', '贵州', '黔西南', '兴义');
INSERT INTO `tb_site` VALUES ('2030', '贵州', '黔西南', '晴隆');
INSERT INTO `tb_site` VALUES ('2031', '贵州', '黔西南', '兴仁');
INSERT INTO `tb_site` VALUES ('2032', '贵州', '黔西南', '贞丰');
INSERT INTO `tb_site` VALUES ('2033', '贵州', '黔西南', '望谟');
INSERT INTO `tb_site` VALUES ('2034', '贵州', '黔西南', '安龙');
INSERT INTO `tb_site` VALUES ('2035', '贵州', '黔西南', '册亨');
INSERT INTO `tb_site` VALUES ('2036', '贵州', '黔西南', '普安');
INSERT INTO `tb_site` VALUES ('2037', '四川', '成都', '成都');
INSERT INTO `tb_site` VALUES ('2038', '四川', '成都', '龙泉驿');
INSERT INTO `tb_site` VALUES ('2039', '四川', '成都', '新都');
INSERT INTO `tb_site` VALUES ('2040', '四川', '成都', '温江');
INSERT INTO `tb_site` VALUES ('2041', '四川', '成都', '金堂');
INSERT INTO `tb_site` VALUES ('2042', '四川', '成都', '双流');
INSERT INTO `tb_site` VALUES ('2043', '四川', '成都', '郫县');
INSERT INTO `tb_site` VALUES ('2044', '四川', '成都', '大邑');
INSERT INTO `tb_site` VALUES ('2045', '四川', '成都', '蒲江');
INSERT INTO `tb_site` VALUES ('2046', '四川', '成都', '新津');
INSERT INTO `tb_site` VALUES ('2047', '四川', '成都', '都江堰');
INSERT INTO `tb_site` VALUES ('2048', '四川', '成都', '彭州');
INSERT INTO `tb_site` VALUES ('2049', '四川', '成都', '邛崃');
INSERT INTO `tb_site` VALUES ('2050', '四川', '成都', '崇州');
INSERT INTO `tb_site` VALUES ('2051', '四川', '攀枝花', '攀枝花');
INSERT INTO `tb_site` VALUES ('2052', '四川', '攀枝花', '仁和');
INSERT INTO `tb_site` VALUES ('2053', '四川', '攀枝花', '米易');
INSERT INTO `tb_site` VALUES ('2054', '四川', '攀枝花', '盐边');
INSERT INTO `tb_site` VALUES ('2055', '四川', '自贡', '自贡');
INSERT INTO `tb_site` VALUES ('2056', '四川', '自贡', '富顺');
INSERT INTO `tb_site` VALUES ('2057', '四川', '自贡', '荣县');
INSERT INTO `tb_site` VALUES ('2058', '四川', '绵阳', '绵阳');
INSERT INTO `tb_site` VALUES ('2059', '四川', '绵阳', '三台');
INSERT INTO `tb_site` VALUES ('2060', '四川', '绵阳', '盐亭');
INSERT INTO `tb_site` VALUES ('2061', '四川', '绵阳', '安县');
INSERT INTO `tb_site` VALUES ('2062', '四川', '绵阳', '梓潼');
INSERT INTO `tb_site` VALUES ('2063', '四川', '绵阳', '北川');
INSERT INTO `tb_site` VALUES ('2064', '四川', '绵阳', '平武');
INSERT INTO `tb_site` VALUES ('2065', '四川', '绵阳', '江油');
INSERT INTO `tb_site` VALUES ('2066', '四川', '南充', '南充');
INSERT INTO `tb_site` VALUES ('2067', '四川', '南充', '南部');
INSERT INTO `tb_site` VALUES ('2068', '四川', '南充', '营山');
INSERT INTO `tb_site` VALUES ('2069', '四川', '南充', '蓬安');
INSERT INTO `tb_site` VALUES ('2070', '四川', '南充', '仪陇');
INSERT INTO `tb_site` VALUES ('2071', '四川', '南充', '西充');
INSERT INTO `tb_site` VALUES ('2072', '四川', '南充', '阆中');
INSERT INTO `tb_site` VALUES ('2073', '四川', '达州', '达州');
INSERT INTO `tb_site` VALUES ('2074', '四川', '达州', '宣汉');
INSERT INTO `tb_site` VALUES ('2075', '四川', '达州', '开江');
INSERT INTO `tb_site` VALUES ('2076', '四川', '达州', '大竹');
INSERT INTO `tb_site` VALUES ('2077', '四川', '达州', '渠县');
INSERT INTO `tb_site` VALUES ('2078', '四川', '达州', '万源');
INSERT INTO `tb_site` VALUES ('2079', '四川', '达州', '通川');
INSERT INTO `tb_site` VALUES ('2080', '四川', '达州', '达县');
INSERT INTO `tb_site` VALUES ('2081', '四川', '遂宁', '遂宁');
INSERT INTO `tb_site` VALUES ('2082', '四川', '遂宁', '蓬溪');
INSERT INTO `tb_site` VALUES ('2083', '四川', '遂宁', '射洪');
INSERT INTO `tb_site` VALUES ('2084', '四川', '广安', '广安');
INSERT INTO `tb_site` VALUES ('2085', '四川', '广安', '岳池');
INSERT INTO `tb_site` VALUES ('2086', '四川', '广安', '武胜');
INSERT INTO `tb_site` VALUES ('2087', '四川', '广安', '邻水');
INSERT INTO `tb_site` VALUES ('2088', '四川', '广安', '华蓥');
INSERT INTO `tb_site` VALUES ('2089', '四川', '巴中', '巴中');
INSERT INTO `tb_site` VALUES ('2090', '四川', '巴中', '通江');
INSERT INTO `tb_site` VALUES ('2091', '四川', '巴中', '南江');
INSERT INTO `tb_site` VALUES ('2092', '四川', '巴中', '平昌');
INSERT INTO `tb_site` VALUES ('2093', '四川', '泸州', '泸州');
INSERT INTO `tb_site` VALUES ('2094', '四川', '泸州', '泸县');
INSERT INTO `tb_site` VALUES ('2095', '四川', '泸州', '合江');
INSERT INTO `tb_site` VALUES ('2096', '四川', '泸州', '叙永');
INSERT INTO `tb_site` VALUES ('2097', '四川', '泸州', '古蔺');
INSERT INTO `tb_site` VALUES ('2098', '四川', '泸州', '纳溪');
INSERT INTO `tb_site` VALUES ('2099', '四川', '宜宾', '宜宾');
INSERT INTO `tb_site` VALUES ('2100', '四川', '宜宾', '宜宾县');
INSERT INTO `tb_site` VALUES ('2101', '四川', '宜宾', '南溪');
INSERT INTO `tb_site` VALUES ('2102', '四川', '宜宾', '江安');
INSERT INTO `tb_site` VALUES ('2103', '四川', '宜宾', '长宁');
INSERT INTO `tb_site` VALUES ('2104', '四川', '宜宾', '高县');
INSERT INTO `tb_site` VALUES ('2105', '四川', '宜宾', '珙县');
INSERT INTO `tb_site` VALUES ('2106', '四川', '宜宾', '筠连');
INSERT INTO `tb_site` VALUES ('2107', '四川', '宜宾', '兴文');
INSERT INTO `tb_site` VALUES ('2108', '四川', '宜宾', '屏山');
INSERT INTO `tb_site` VALUES ('2109', '四川', '内江', '内江');
INSERT INTO `tb_site` VALUES ('2110', '四川', '内江', '东兴');
INSERT INTO `tb_site` VALUES ('2111', '四川', '内江', '威远');
INSERT INTO `tb_site` VALUES ('2112', '四川', '内江', '资中');
INSERT INTO `tb_site` VALUES ('2113', '四川', '内江', '隆昌');
INSERT INTO `tb_site` VALUES ('2114', '四川', '资阳', '资阳');
INSERT INTO `tb_site` VALUES ('2115', '四川', '资阳', '安岳');
INSERT INTO `tb_site` VALUES ('2116', '四川', '资阳', '乐至');
INSERT INTO `tb_site` VALUES ('2117', '四川', '资阳', '简阳');
INSERT INTO `tb_site` VALUES ('2118', '四川', '乐山', '乐山');
INSERT INTO `tb_site` VALUES ('2119', '四川', '乐山', '犍为');
INSERT INTO `tb_site` VALUES ('2120', '四川', '乐山', '井研');
INSERT INTO `tb_site` VALUES ('2121', '四川', '乐山', '夹江');
INSERT INTO `tb_site` VALUES ('2122', '四川', '乐山', '沐川');
INSERT INTO `tb_site` VALUES ('2123', '四川', '乐山', '峨边');
INSERT INTO `tb_site` VALUES ('2124', '四川', '乐山', '马边');
INSERT INTO `tb_site` VALUES ('2125', '四川', '乐山', '峨眉');
INSERT INTO `tb_site` VALUES ('2126', '四川', '乐山', '峨眉山');
INSERT INTO `tb_site` VALUES ('2127', '四川', '眉山', '眉山');
INSERT INTO `tb_site` VALUES ('2128', '四川', '眉山', '仁寿');
INSERT INTO `tb_site` VALUES ('2129', '四川', '眉山', '彭山');
INSERT INTO `tb_site` VALUES ('2130', '四川', '眉山', '洪雅');
INSERT INTO `tb_site` VALUES ('2131', '四川', '眉山', '丹棱');
INSERT INTO `tb_site` VALUES ('2132', '四川', '眉山', '青神');
INSERT INTO `tb_site` VALUES ('2133', '四川', '凉山', '凉山');
INSERT INTO `tb_site` VALUES ('2134', '四川', '凉山', '木里');
INSERT INTO `tb_site` VALUES ('2135', '四川', '凉山', '盐源');
INSERT INTO `tb_site` VALUES ('2136', '四川', '凉山', '德昌');
INSERT INTO `tb_site` VALUES ('2137', '四川', '凉山', '会理');
INSERT INTO `tb_site` VALUES ('2138', '四川', '凉山', '会东');
INSERT INTO `tb_site` VALUES ('2139', '四川', '凉山', '宁南');
INSERT INTO `tb_site` VALUES ('2140', '四川', '凉山', '普格');
INSERT INTO `tb_site` VALUES ('2141', '四川', '凉山', '西昌');
INSERT INTO `tb_site` VALUES ('2142', '四川', '凉山', '金阳');
INSERT INTO `tb_site` VALUES ('2143', '四川', '凉山', '昭觉');
INSERT INTO `tb_site` VALUES ('2144', '四川', '凉山', '喜德');
INSERT INTO `tb_site` VALUES ('2145', '四川', '凉山', '冕宁');
INSERT INTO `tb_site` VALUES ('2146', '四川', '凉山', '越西');
INSERT INTO `tb_site` VALUES ('2147', '四川', '凉山', '甘洛');
INSERT INTO `tb_site` VALUES ('2148', '四川', '凉山', '雷波');
INSERT INTO `tb_site` VALUES ('2149', '四川', '凉山', '美姑');
INSERT INTO `tb_site` VALUES ('2150', '四川', '凉山', '布拖');
INSERT INTO `tb_site` VALUES ('2151', '四川', '雅安', '雅安');
INSERT INTO `tb_site` VALUES ('2152', '四川', '雅安', '名山');
INSERT INTO `tb_site` VALUES ('2153', '四川', '雅安', '荥经');
INSERT INTO `tb_site` VALUES ('2154', '四川', '雅安', '汉源');
INSERT INTO `tb_site` VALUES ('2155', '四川', '雅安', '石棉');
INSERT INTO `tb_site` VALUES ('2156', '四川', '雅安', '天全');
INSERT INTO `tb_site` VALUES ('2157', '四川', '雅安', '芦山');
INSERT INTO `tb_site` VALUES ('2158', '四川', '雅安', '宝兴');
INSERT INTO `tb_site` VALUES ('2159', '四川', '甘孜', '甘孜');
INSERT INTO `tb_site` VALUES ('2160', '四川', '甘孜', '康定');
INSERT INTO `tb_site` VALUES ('2161', '四川', '甘孜', '泸定');
INSERT INTO `tb_site` VALUES ('2162', '四川', '甘孜', '丹巴');
INSERT INTO `tb_site` VALUES ('2163', '四川', '甘孜', '九龙');
INSERT INTO `tb_site` VALUES ('2164', '四川', '甘孜', '雅江');
INSERT INTO `tb_site` VALUES ('2165', '四川', '甘孜', '道孚');
INSERT INTO `tb_site` VALUES ('2166', '四川', '甘孜', '炉霍');
INSERT INTO `tb_site` VALUES ('2167', '四川', '甘孜', '新龙');
INSERT INTO `tb_site` VALUES ('2168', '四川', '甘孜', '德格');
INSERT INTO `tb_site` VALUES ('2169', '四川', '甘孜', '白玉');
INSERT INTO `tb_site` VALUES ('2170', '四川', '甘孜', '石渠');
INSERT INTO `tb_site` VALUES ('2171', '四川', '甘孜', '色达');
INSERT INTO `tb_site` VALUES ('2172', '四川', '甘孜', '理塘');
INSERT INTO `tb_site` VALUES ('2173', '四川', '甘孜', '巴塘');
INSERT INTO `tb_site` VALUES ('2174', '四川', '甘孜', '乡城');
INSERT INTO `tb_site` VALUES ('2175', '四川', '甘孜', '稻城');
INSERT INTO `tb_site` VALUES ('2176', '四川', '甘孜', '得荣');
INSERT INTO `tb_site` VALUES ('2177', '四川', '阿坝', '阿坝');
INSERT INTO `tb_site` VALUES ('2178', '四川', '阿坝', '汶川');
INSERT INTO `tb_site` VALUES ('2179', '四川', '阿坝', '理县');
INSERT INTO `tb_site` VALUES ('2180', '四川', '阿坝', '茂县');
INSERT INTO `tb_site` VALUES ('2181', '四川', '阿坝', '松潘');
INSERT INTO `tb_site` VALUES ('2182', '四川', '阿坝', '九寨沟');
INSERT INTO `tb_site` VALUES ('2183', '四川', '阿坝', '金川');
INSERT INTO `tb_site` VALUES ('2184', '四川', '阿坝', '小金');
INSERT INTO `tb_site` VALUES ('2185', '四川', '阿坝', '黑水');
INSERT INTO `tb_site` VALUES ('2186', '四川', '阿坝', '马尔康');
INSERT INTO `tb_site` VALUES ('2187', '四川', '阿坝', '壤塘');
INSERT INTO `tb_site` VALUES ('2188', '四川', '阿坝', '若尔盖');
INSERT INTO `tb_site` VALUES ('2189', '四川', '阿坝', '红原');
INSERT INTO `tb_site` VALUES ('2190', '四川', '阿坝', '南坪');
INSERT INTO `tb_site` VALUES ('2191', '四川', '德阳', '德阳');
INSERT INTO `tb_site` VALUES ('2192', '四川', '德阳', '中江');
INSERT INTO `tb_site` VALUES ('2193', '四川', '德阳', '广汉');
INSERT INTO `tb_site` VALUES ('2194', '四川', '德阳', '什邡');
INSERT INTO `tb_site` VALUES ('2195', '四川', '德阳', '绵竹');
INSERT INTO `tb_site` VALUES ('2196', '四川', '德阳', '罗江');
INSERT INTO `tb_site` VALUES ('2197', '四川', '广元', '广元');
INSERT INTO `tb_site` VALUES ('2198', '四川', '广元', '旺苍');
INSERT INTO `tb_site` VALUES ('2199', '四川', '广元', '青川');
INSERT INTO `tb_site` VALUES ('2200', '四川', '广元', '剑阁');
INSERT INTO `tb_site` VALUES ('2201', '四川', '广元', '苍溪');
INSERT INTO `tb_site` VALUES ('2202', '广东', '广州', '广州');
INSERT INTO `tb_site` VALUES ('2203', '广东', '广州', '番禺');
INSERT INTO `tb_site` VALUES ('2204', '广东', '广州', '从化');
INSERT INTO `tb_site` VALUES ('2205', '广东', '广州', '增城');
INSERT INTO `tb_site` VALUES ('2206', '广东', '广州', '花都');
INSERT INTO `tb_site` VALUES ('2207', '广东', '韶关', '韶关');
INSERT INTO `tb_site` VALUES ('2208', '广东', '韶关', '乳源');
INSERT INTO `tb_site` VALUES ('2209', '广东', '韶关', '始兴');
INSERT INTO `tb_site` VALUES ('2210', '广东', '韶关', '翁源');
INSERT INTO `tb_site` VALUES ('2211', '广东', '韶关', '乐昌');
INSERT INTO `tb_site` VALUES ('2212', '广东', '韶关', '仁化');
INSERT INTO `tb_site` VALUES ('2213', '广东', '韶关', '南雄');
INSERT INTO `tb_site` VALUES ('2214', '广东', '韶关', '新丰');
INSERT INTO `tb_site` VALUES ('2215', '广东', '韶关', '曲江');
INSERT INTO `tb_site` VALUES ('2216', '广东', '韶关', '浈江');
INSERT INTO `tb_site` VALUES ('2217', '广东', '韶关', '武江');
INSERT INTO `tb_site` VALUES ('2218', '广东', '惠州', '惠州');
INSERT INTO `tb_site` VALUES ('2219', '广东', '惠州', '博罗');
INSERT INTO `tb_site` VALUES ('2220', '广东', '惠州', '惠阳');
INSERT INTO `tb_site` VALUES ('2221', '广东', '惠州', '惠东');
INSERT INTO `tb_site` VALUES ('2222', '广东', '惠州', '龙门');
INSERT INTO `tb_site` VALUES ('2223', '广东', '梅州', '梅州');
INSERT INTO `tb_site` VALUES ('2224', '广东', '梅州', '兴宁');
INSERT INTO `tb_site` VALUES ('2225', '广东', '梅州', '蕉岭');
INSERT INTO `tb_site` VALUES ('2226', '广东', '梅州', '大埔');
INSERT INTO `tb_site` VALUES ('2227', '广东', '梅州', '丰顺');
INSERT INTO `tb_site` VALUES ('2228', '广东', '梅州', '平远');
INSERT INTO `tb_site` VALUES ('2229', '广东', '梅州', '五华');
INSERT INTO `tb_site` VALUES ('2230', '广东', '梅州', '梅县');
INSERT INTO `tb_site` VALUES ('2231', '广东', '汕头', '汕头');
INSERT INTO `tb_site` VALUES ('2232', '广东', '汕头', '潮阳');
INSERT INTO `tb_site` VALUES ('2233', '广东', '汕头', '澄海');
INSERT INTO `tb_site` VALUES ('2234', '广东', '汕头', '南澳');
INSERT INTO `tb_site` VALUES ('2235', '广东', '深圳', '深圳');
INSERT INTO `tb_site` VALUES ('2236', '广东', '珠海', '珠海');
INSERT INTO `tb_site` VALUES ('2237', '广东', '珠海', '斗门');
INSERT INTO `tb_site` VALUES ('2238', '广东', '珠海', '金湾');
INSERT INTO `tb_site` VALUES ('2239', '广东', '佛山', '佛山');
INSERT INTO `tb_site` VALUES ('2240', '广东', '佛山', '顺德');
INSERT INTO `tb_site` VALUES ('2241', '广东', '佛山', '三水');
INSERT INTO `tb_site` VALUES ('2242', '广东', '佛山', '南海');
INSERT INTO `tb_site` VALUES ('2243', '广东', '佛山', '高明');
INSERT INTO `tb_site` VALUES ('2244', '广东', '肇庆', '肇庆');
INSERT INTO `tb_site` VALUES ('2245', '广东', '肇庆', '广宁');
INSERT INTO `tb_site` VALUES ('2246', '广东', '肇庆', '四会');
INSERT INTO `tb_site` VALUES ('2247', '广东', '肇庆', '德庆');
INSERT INTO `tb_site` VALUES ('2248', '广东', '肇庆', '怀集');
INSERT INTO `tb_site` VALUES ('2249', '广东', '肇庆', '封开');
INSERT INTO `tb_site` VALUES ('2250', '广东', '肇庆', '高要');
INSERT INTO `tb_site` VALUES ('2251', '广东', '湛江', '湛江');
INSERT INTO `tb_site` VALUES ('2252', '广东', '湛江', '吴川');
INSERT INTO `tb_site` VALUES ('2253', '广东', '湛江', '雷州');
INSERT INTO `tb_site` VALUES ('2254', '广东', '湛江', '徐闻');
INSERT INTO `tb_site` VALUES ('2255', '广东', '湛江', '廉江');
INSERT INTO `tb_site` VALUES ('2256', '广东', '湛江', '赤坎');
INSERT INTO `tb_site` VALUES ('2257', '广东', '湛江', '遂溪');
INSERT INTO `tb_site` VALUES ('2258', '广东', '湛江', '坡头');
INSERT INTO `tb_site` VALUES ('2259', '广东', '湛江', '霞山');
INSERT INTO `tb_site` VALUES ('2260', '广东', '湛江', '麻章');
INSERT INTO `tb_site` VALUES ('2261', '广东', '江门', '江门');
INSERT INTO `tb_site` VALUES ('2262', '广东', '江门', '开平');
INSERT INTO `tb_site` VALUES ('2263', '广东', '江门', '新会');
INSERT INTO `tb_site` VALUES ('2264', '广东', '江门', '恩平');
INSERT INTO `tb_site` VALUES ('2265', '广东', '江门', '台山');
INSERT INTO `tb_site` VALUES ('2266', '广东', '江门', '蓬江');
INSERT INTO `tb_site` VALUES ('2267', '广东', '江门', '鹤山');
INSERT INTO `tb_site` VALUES ('2268', '广东', '江门', '江海');
INSERT INTO `tb_site` VALUES ('2269', '广东', '河源', '河源');
INSERT INTO `tb_site` VALUES ('2270', '广东', '河源', '紫金');
INSERT INTO `tb_site` VALUES ('2271', '广东', '河源', '连平');
INSERT INTO `tb_site` VALUES ('2272', '广东', '河源', '和平');
INSERT INTO `tb_site` VALUES ('2273', '广东', '河源', '龙川');
INSERT INTO `tb_site` VALUES ('2274', '广东', '河源', '东源');
INSERT INTO `tb_site` VALUES ('2275', '广东', '清远', '清远');
INSERT INTO `tb_site` VALUES ('2276', '广东', '清远', '连南');
INSERT INTO `tb_site` VALUES ('2277', '广东', '清远', '连州');
INSERT INTO `tb_site` VALUES ('2278', '广东', '清远', '连山');
INSERT INTO `tb_site` VALUES ('2279', '广东', '清远', '阳山');
INSERT INTO `tb_site` VALUES ('2280', '广东', '清远', '佛冈');
INSERT INTO `tb_site` VALUES ('2281', '广东', '清远', '英德');
INSERT INTO `tb_site` VALUES ('2282', '广东', '清远', '清新');
INSERT INTO `tb_site` VALUES ('2283', '广东', '云浮', '云浮');
INSERT INTO `tb_site` VALUES ('2284', '广东', '云浮', '罗定');
INSERT INTO `tb_site` VALUES ('2285', '广东', '云浮', '新兴');
INSERT INTO `tb_site` VALUES ('2286', '广东', '云浮', '郁南');
INSERT INTO `tb_site` VALUES ('2287', '广东', '云浮', '云安');
INSERT INTO `tb_site` VALUES ('2288', '广东', '潮州', '潮州');
INSERT INTO `tb_site` VALUES ('2289', '广东', '潮州', '饶平');
INSERT INTO `tb_site` VALUES ('2290', '广东', '潮州', '潮安');
INSERT INTO `tb_site` VALUES ('2291', '广东', '东莞', '东莞');
INSERT INTO `tb_site` VALUES ('2292', '广东', '中山', '中山');
INSERT INTO `tb_site` VALUES ('2293', '广东', '阳江', '阳江');
INSERT INTO `tb_site` VALUES ('2294', '广东', '阳江', '阳春');
INSERT INTO `tb_site` VALUES ('2295', '广东', '阳江', '阳东');
INSERT INTO `tb_site` VALUES ('2296', '广东', '阳江', '阳西');
INSERT INTO `tb_site` VALUES ('2297', '广东', '揭阳', '揭阳');
INSERT INTO `tb_site` VALUES ('2298', '广东', '揭阳', '揭西');
INSERT INTO `tb_site` VALUES ('2299', '广东', '揭阳', '普宁');
INSERT INTO `tb_site` VALUES ('2300', '广东', '揭阳', '惠来');
INSERT INTO `tb_site` VALUES ('2301', '广东', '揭阳', '揭东');
INSERT INTO `tb_site` VALUES ('2302', '广东', '茂名', '茂名');
INSERT INTO `tb_site` VALUES ('2303', '广东', '茂名', '高州');
INSERT INTO `tb_site` VALUES ('2304', '广东', '茂名', '化州');
INSERT INTO `tb_site` VALUES ('2305', '广东', '茂名', '电白');
INSERT INTO `tb_site` VALUES ('2306', '广东', '茂名', '信宜');
INSERT INTO `tb_site` VALUES ('2307', '广东', '茂名', '茂港');
INSERT INTO `tb_site` VALUES ('2308', '广东', '汕尾', '汕尾');
INSERT INTO `tb_site` VALUES ('2309', '广东', '汕尾', '海丰');
INSERT INTO `tb_site` VALUES ('2310', '广东', '汕尾', '陆丰');
INSERT INTO `tb_site` VALUES ('2311', '广东', '汕尾', '陆河');
INSERT INTO `tb_site` VALUES ('2312', '云南', '昆明', '昆明');
INSERT INTO `tb_site` VALUES ('2313', '云南', '昆明', '东川');
INSERT INTO `tb_site` VALUES ('2314', '云南', '昆明', '寻甸');
INSERT INTO `tb_site` VALUES ('2315', '云南', '昆明', '晋宁');
INSERT INTO `tb_site` VALUES ('2316', '云南', '昆明', '宜良');
INSERT INTO `tb_site` VALUES ('2317', '云南', '昆明', '石林');
INSERT INTO `tb_site` VALUES ('2318', '云南', '昆明', '呈贡');
INSERT INTO `tb_site` VALUES ('2319', '云南', '昆明', '富民');
INSERT INTO `tb_site` VALUES ('2320', '云南', '昆明', '嵩明');
INSERT INTO `tb_site` VALUES ('2321', '云南', '昆明', '禄劝');
INSERT INTO `tb_site` VALUES ('2322', '云南', '昆明', '安宁');
INSERT INTO `tb_site` VALUES ('2323', '云南', '昆明', '太华山');
INSERT INTO `tb_site` VALUES ('2324', '云南', '大理', '大理');
INSERT INTO `tb_site` VALUES ('2325', '云南', '大理', '云龙');
INSERT INTO `tb_site` VALUES ('2326', '云南', '大理', '漾濞');
INSERT INTO `tb_site` VALUES ('2327', '云南', '大理', '永平');
INSERT INTO `tb_site` VALUES ('2328', '云南', '大理', '宾川');
INSERT INTO `tb_site` VALUES ('2329', '云南', '大理', '弥渡');
INSERT INTO `tb_site` VALUES ('2330', '云南', '大理', '祥云');
INSERT INTO `tb_site` VALUES ('2331', '云南', '大理', '巍山');
INSERT INTO `tb_site` VALUES ('2332', '云南', '大理', '剑川');
INSERT INTO `tb_site` VALUES ('2333', '云南', '大理', '洱源');
INSERT INTO `tb_site` VALUES ('2334', '云南', '大理', '鹤庆');
INSERT INTO `tb_site` VALUES ('2335', '云南', '大理', '南涧');
INSERT INTO `tb_site` VALUES ('2336', '云南', '红河', '红河');
INSERT INTO `tb_site` VALUES ('2337', '云南', '红河', '石屏');
INSERT INTO `tb_site` VALUES ('2338', '云南', '红河', '建水');
INSERT INTO `tb_site` VALUES ('2339', '云南', '红河', '弥勒');
INSERT INTO `tb_site` VALUES ('2340', '云南', '红河', '元阳');
INSERT INTO `tb_site` VALUES ('2341', '云南', '红河', '绿春');
INSERT INTO `tb_site` VALUES ('2342', '云南', '红河', '开远');
INSERT INTO `tb_site` VALUES ('2343', '云南', '红河', '个旧');
INSERT INTO `tb_site` VALUES ('2344', '云南', '红河', '蒙自');
INSERT INTO `tb_site` VALUES ('2345', '云南', '红河', '屏边');
INSERT INTO `tb_site` VALUES ('2346', '云南', '红河', '泸西');
INSERT INTO `tb_site` VALUES ('2347', '云南', '红河', '金平');
INSERT INTO `tb_site` VALUES ('2348', '云南', '红河', '河口');
INSERT INTO `tb_site` VALUES ('2349', '云南', '曲靖', '曲靖');
INSERT INTO `tb_site` VALUES ('2350', '云南', '曲靖', '沾益');
INSERT INTO `tb_site` VALUES ('2351', '云南', '曲靖', '陆良');
INSERT INTO `tb_site` VALUES ('2352', '云南', '曲靖', '富源');
INSERT INTO `tb_site` VALUES ('2353', '云南', '曲靖', '马龙');
INSERT INTO `tb_site` VALUES ('2354', '云南', '曲靖', '师宗');
INSERT INTO `tb_site` VALUES ('2355', '云南', '曲靖', '罗平');
INSERT INTO `tb_site` VALUES ('2356', '云南', '曲靖', '会泽');
INSERT INTO `tb_site` VALUES ('2357', '云南', '曲靖', '宣威');
INSERT INTO `tb_site` VALUES ('2358', '云南', '保山', '保山');
INSERT INTO `tb_site` VALUES ('2359', '云南', '保山', '龙陵');
INSERT INTO `tb_site` VALUES ('2360', '云南', '保山', '施甸');
INSERT INTO `tb_site` VALUES ('2361', '云南', '保山', '昌宁');
INSERT INTO `tb_site` VALUES ('2362', '云南', '保山', '腾冲');
INSERT INTO `tb_site` VALUES ('2363', '云南', '文山', '文山');
INSERT INTO `tb_site` VALUES ('2364', '云南', '文山', '西畴');
INSERT INTO `tb_site` VALUES ('2365', '云南', '文山', '马关');
INSERT INTO `tb_site` VALUES ('2366', '云南', '文山', '麻栗坡');
INSERT INTO `tb_site` VALUES ('2367', '云南', '文山', '砚山');
INSERT INTO `tb_site` VALUES ('2368', '云南', '文山', '丘北');
INSERT INTO `tb_site` VALUES ('2369', '云南', '文山', '广南');
INSERT INTO `tb_site` VALUES ('2370', '云南', '文山', '富宁');
INSERT INTO `tb_site` VALUES ('2371', '云南', '玉溪', '玉溪');
INSERT INTO `tb_site` VALUES ('2372', '云南', '玉溪', '澄江');
INSERT INTO `tb_site` VALUES ('2373', '云南', '玉溪', '江川');
INSERT INTO `tb_site` VALUES ('2374', '云南', '玉溪', '通海');
INSERT INTO `tb_site` VALUES ('2375', '云南', '玉溪', '华宁');
INSERT INTO `tb_site` VALUES ('2376', '云南', '玉溪', '新平');
INSERT INTO `tb_site` VALUES ('2377', '云南', '玉溪', '易门');
INSERT INTO `tb_site` VALUES ('2378', '云南', '玉溪', '峨山');
INSERT INTO `tb_site` VALUES ('2379', '云南', '玉溪', '元江');
INSERT INTO `tb_site` VALUES ('2380', '云南', '楚雄', '楚雄');
INSERT INTO `tb_site` VALUES ('2381', '云南', '楚雄', '大姚');
INSERT INTO `tb_site` VALUES ('2382', '云南', '楚雄', '元谋');
INSERT INTO `tb_site` VALUES ('2383', '云南', '楚雄', '姚安');
INSERT INTO `tb_site` VALUES ('2384', '云南', '楚雄', '牟定');
INSERT INTO `tb_site` VALUES ('2385', '云南', '楚雄', '南华');
INSERT INTO `tb_site` VALUES ('2386', '云南', '楚雄', '武定');
INSERT INTO `tb_site` VALUES ('2387', '云南', '楚雄', '禄丰');
INSERT INTO `tb_site` VALUES ('2388', '云南', '楚雄', '双柏');
INSERT INTO `tb_site` VALUES ('2389', '云南', '楚雄', '永仁');
INSERT INTO `tb_site` VALUES ('2390', '云南', '普洱', '普洱');
INSERT INTO `tb_site` VALUES ('2391', '云南', '普洱', '景谷');
INSERT INTO `tb_site` VALUES ('2392', '云南', '普洱', '景东');
INSERT INTO `tb_site` VALUES ('2393', '云南', '普洱', '澜沧');
INSERT INTO `tb_site` VALUES ('2394', '云南', '普洱', '墨江');
INSERT INTO `tb_site` VALUES ('2395', '云南', '普洱', '江城');
INSERT INTO `tb_site` VALUES ('2396', '云南', '普洱', '孟连');
INSERT INTO `tb_site` VALUES ('2397', '云南', '普洱', '西盟');
INSERT INTO `tb_site` VALUES ('2398', '云南', '普洱', '镇沅');
INSERT INTO `tb_site` VALUES ('2399', '云南', '普洱', '宁洱');
INSERT INTO `tb_site` VALUES ('2400', '云南', '昭通', '昭通');
INSERT INTO `tb_site` VALUES ('2401', '云南', '昭通', '鲁甸');
INSERT INTO `tb_site` VALUES ('2402', '云南', '昭通', '彝良');
INSERT INTO `tb_site` VALUES ('2403', '云南', '昭通', '镇雄');
INSERT INTO `tb_site` VALUES ('2404', '云南', '昭通', '威信');
INSERT INTO `tb_site` VALUES ('2405', '云南', '昭通', '巧家');
INSERT INTO `tb_site` VALUES ('2406', '云南', '昭通', '绥江');
INSERT INTO `tb_site` VALUES ('2407', '云南', '昭通', '永善');
INSERT INTO `tb_site` VALUES ('2408', '云南', '昭通', '盐津');
INSERT INTO `tb_site` VALUES ('2409', '云南', '昭通', '大关');
INSERT INTO `tb_site` VALUES ('2410', '云南', '昭通', '水富');
INSERT INTO `tb_site` VALUES ('2411', '云南', '临沧', '临沧');
INSERT INTO `tb_site` VALUES ('2412', '云南', '临沧', '沧源');
INSERT INTO `tb_site` VALUES ('2413', '云南', '临沧', '耿马');
INSERT INTO `tb_site` VALUES ('2414', '云南', '临沧', '双江');
INSERT INTO `tb_site` VALUES ('2415', '云南', '临沧', '凤庆');
INSERT INTO `tb_site` VALUES ('2416', '云南', '临沧', '永德');
INSERT INTO `tb_site` VALUES ('2417', '云南', '临沧', '云县');
INSERT INTO `tb_site` VALUES ('2418', '云南', '临沧', '镇康');
INSERT INTO `tb_site` VALUES ('2419', '云南', '怒江', '怒江');
INSERT INTO `tb_site` VALUES ('2420', '云南', '怒江', '福贡');
INSERT INTO `tb_site` VALUES ('2421', '云南', '怒江', '兰坪');
INSERT INTO `tb_site` VALUES ('2422', '云南', '怒江', '泸水');
INSERT INTO `tb_site` VALUES ('2423', '云南', '怒江', '六库');
INSERT INTO `tb_site` VALUES ('2424', '云南', '怒江', '贡山');
INSERT INTO `tb_site` VALUES ('2425', '云南', '迪庆', '香格里拉');
INSERT INTO `tb_site` VALUES ('2426', '云南', '迪庆', '德钦');
INSERT INTO `tb_site` VALUES ('2427', '云南', '迪庆', '维西');
INSERT INTO `tb_site` VALUES ('2428', '云南', '迪庆', '中甸');
INSERT INTO `tb_site` VALUES ('2429', '云南', '丽江', '丽江');
INSERT INTO `tb_site` VALUES ('2430', '云南', '丽江', '永胜');
INSERT INTO `tb_site` VALUES ('2431', '云南', '丽江', '华坪');
INSERT INTO `tb_site` VALUES ('2432', '云南', '丽江', '宁蒗');
INSERT INTO `tb_site` VALUES ('2433', '云南', '德宏', '德宏');
INSERT INTO `tb_site` VALUES ('2434', '云南', '德宏', '陇川');
INSERT INTO `tb_site` VALUES ('2435', '云南', '德宏', '盈江');
INSERT INTO `tb_site` VALUES ('2436', '云南', '德宏', '瑞丽');
INSERT INTO `tb_site` VALUES ('2437', '云南', '德宏', '梁河');
INSERT INTO `tb_site` VALUES ('2438', '云南', '德宏', '潞西');
INSERT INTO `tb_site` VALUES ('2439', '云南', '西双版纳', '景洪');
INSERT INTO `tb_site` VALUES ('2440', '云南', '西双版纳', '勐海');
INSERT INTO `tb_site` VALUES ('2441', '云南', '西双版纳', '勐腊');
INSERT INTO `tb_site` VALUES ('2442', '广西', '南宁', '南宁');
INSERT INTO `tb_site` VALUES ('2443', '广西', '南宁', '邕宁');
INSERT INTO `tb_site` VALUES ('2444', '广西', '南宁', '横县');
INSERT INTO `tb_site` VALUES ('2445', '广西', '南宁', '隆安');
INSERT INTO `tb_site` VALUES ('2446', '广西', '南宁', '马山');
INSERT INTO `tb_site` VALUES ('2447', '广西', '南宁', '上林');
INSERT INTO `tb_site` VALUES ('2448', '广西', '南宁', '武鸣');
INSERT INTO `tb_site` VALUES ('2449', '广西', '南宁', '宾阳');
INSERT INTO `tb_site` VALUES ('2450', '广西', '崇左', '崇左');
INSERT INTO `tb_site` VALUES ('2451', '广西', '崇左', '天等');
INSERT INTO `tb_site` VALUES ('2452', '广西', '崇左', '龙州');
INSERT INTO `tb_site` VALUES ('2453', '广西', '崇左', '凭祥');
INSERT INTO `tb_site` VALUES ('2454', '广西', '崇左', '大新');
INSERT INTO `tb_site` VALUES ('2455', '广西', '崇左', '扶绥');
INSERT INTO `tb_site` VALUES ('2456', '广西', '崇左', '宁明');
INSERT INTO `tb_site` VALUES ('2457', '广西', '柳州', '柳州');
INSERT INTO `tb_site` VALUES ('2458', '广西', '柳州', '柳城');
INSERT INTO `tb_site` VALUES ('2459', '广西', '柳州', '鹿寨');
INSERT INTO `tb_site` VALUES ('2460', '广西', '柳州', '柳江');
INSERT INTO `tb_site` VALUES ('2461', '广西', '柳州', '融安');
INSERT INTO `tb_site` VALUES ('2462', '广西', '柳州', '融水');
INSERT INTO `tb_site` VALUES ('2463', '广西', '柳州', '三江');
INSERT INTO `tb_site` VALUES ('2464', '广西', '来宾', '来宾');
INSERT INTO `tb_site` VALUES ('2465', '广西', '来宾', '忻城');
INSERT INTO `tb_site` VALUES ('2466', '广西', '来宾', '金秀');
INSERT INTO `tb_site` VALUES ('2467', '广西', '来宾', '象州');
INSERT INTO `tb_site` VALUES ('2468', '广西', '来宾', '武宣');
INSERT INTO `tb_site` VALUES ('2469', '广西', '来宾', '合山');
INSERT INTO `tb_site` VALUES ('2470', '广西', '桂林', '桂林');
INSERT INTO `tb_site` VALUES ('2471', '广西', '桂林', '龙胜');
INSERT INTO `tb_site` VALUES ('2472', '广西', '桂林', '永福');
INSERT INTO `tb_site` VALUES ('2473', '广西', '桂林', '临桂');
INSERT INTO `tb_site` VALUES ('2474', '广西', '桂林', '兴安');
INSERT INTO `tb_site` VALUES ('2475', '广西', '桂林', '灵川');
INSERT INTO `tb_site` VALUES ('2476', '广西', '桂林', '全州');
INSERT INTO `tb_site` VALUES ('2477', '广西', '桂林', '灌阳');
INSERT INTO `tb_site` VALUES ('2478', '广西', '桂林', '阳朔');
INSERT INTO `tb_site` VALUES ('2479', '广西', '桂林', '恭城');
INSERT INTO `tb_site` VALUES ('2480', '广西', '桂林', '平乐');
INSERT INTO `tb_site` VALUES ('2481', '广西', '桂林', '荔浦');
INSERT INTO `tb_site` VALUES ('2482', '广西', '桂林', '资源');
INSERT INTO `tb_site` VALUES ('2483', '广西', '梧州', '梧州');
INSERT INTO `tb_site` VALUES ('2484', '广西', '梧州', '藤县');
INSERT INTO `tb_site` VALUES ('2485', '广西', '梧州', '苍梧');
INSERT INTO `tb_site` VALUES ('2486', '广西', '梧州', '蒙山');
INSERT INTO `tb_site` VALUES ('2487', '广西', '梧州', '岑溪');
INSERT INTO `tb_site` VALUES ('2488', '广西', '梧州', '长洲');
INSERT INTO `tb_site` VALUES ('2489', '广西', '贺州', '贺州');
INSERT INTO `tb_site` VALUES ('2490', '广西', '贺州', '昭平');
INSERT INTO `tb_site` VALUES ('2491', '广西', '贺州', '富川');
INSERT INTO `tb_site` VALUES ('2492', '广西', '贺州', '钟山');
INSERT INTO `tb_site` VALUES ('2493', '广西', '贵港', '贵港');
INSERT INTO `tb_site` VALUES ('2494', '广西', '贵港', '桂平');
INSERT INTO `tb_site` VALUES ('2495', '广西', '贵港', '平南');
INSERT INTO `tb_site` VALUES ('2496', '广西', '玉林', '玉林');
INSERT INTO `tb_site` VALUES ('2497', '广西', '玉林', '博白');
INSERT INTO `tb_site` VALUES ('2498', '广西', '玉林', '北流');
INSERT INTO `tb_site` VALUES ('2499', '广西', '玉林', '容县');
INSERT INTO `tb_site` VALUES ('2500', '广西', '玉林', '陆川');
INSERT INTO `tb_site` VALUES ('2501', '广西', '玉林', '兴业');
INSERT INTO `tb_site` VALUES ('2502', '广西', '百色', '百色');
INSERT INTO `tb_site` VALUES ('2503', '广西', '百色', '那坡');
INSERT INTO `tb_site` VALUES ('2504', '广西', '百色', '田阳');
INSERT INTO `tb_site` VALUES ('2505', '广西', '百色', '德保');
INSERT INTO `tb_site` VALUES ('2506', '广西', '百色', '靖西');
INSERT INTO `tb_site` VALUES ('2507', '广西', '百色', '田东');
INSERT INTO `tb_site` VALUES ('2508', '广西', '百色', '平果');
INSERT INTO `tb_site` VALUES ('2509', '广西', '百色', '隆林');
INSERT INTO `tb_site` VALUES ('2510', '广西', '百色', '西林');
INSERT INTO `tb_site` VALUES ('2511', '广西', '百色', '乐业');
INSERT INTO `tb_site` VALUES ('2512', '广西', '百色', '凌云');
INSERT INTO `tb_site` VALUES ('2513', '广西', '百色', '田林');
INSERT INTO `tb_site` VALUES ('2514', '广西', '钦州', '钦州');
INSERT INTO `tb_site` VALUES ('2515', '广西', '钦州', '浦北');
INSERT INTO `tb_site` VALUES ('2516', '广西', '钦州', '灵山');
INSERT INTO `tb_site` VALUES ('2517', '广西', '河池', '河池');
INSERT INTO `tb_site` VALUES ('2518', '广西', '河池', '天峨');
INSERT INTO `tb_site` VALUES ('2519', '广西', '河池', '东兰');
INSERT INTO `tb_site` VALUES ('2520', '广西', '河池', '巴马');
INSERT INTO `tb_site` VALUES ('2521', '广西', '河池', '环江');
INSERT INTO `tb_site` VALUES ('2522', '广西', '河池', '罗城');
INSERT INTO `tb_site` VALUES ('2523', '广西', '河池', '宜州');
INSERT INTO `tb_site` VALUES ('2524', '广西', '河池', '凤山');
INSERT INTO `tb_site` VALUES ('2525', '广西', '河池', '南丹');
INSERT INTO `tb_site` VALUES ('2526', '广西', '河池', '都安');
INSERT INTO `tb_site` VALUES ('2527', '广西', '河池', '大化');
INSERT INTO `tb_site` VALUES ('2528', '广西', '北海', '北海');
INSERT INTO `tb_site` VALUES ('2529', '广西', '北海', '合浦');
INSERT INTO `tb_site` VALUES ('2530', '广西', '北海', '涠洲岛');
INSERT INTO `tb_site` VALUES ('2531', '广西', '防城港', '防城港');
INSERT INTO `tb_site` VALUES ('2532', '广西', '防城港', '上思');
INSERT INTO `tb_site` VALUES ('2533', '广西', '防城港', '东兴');
INSERT INTO `tb_site` VALUES ('2534', '广西', '防城港', '防城');
INSERT INTO `tb_site` VALUES ('2535', '海南', '海口', '海口');
INSERT INTO `tb_site` VALUES ('2536', '海南', '三亚', '三亚');
INSERT INTO `tb_site` VALUES ('2537', '海南', '东方', '东方');
INSERT INTO `tb_site` VALUES ('2538', '海南', '临高', '临高');
INSERT INTO `tb_site` VALUES ('2539', '海南', '澄迈', '澄迈');
INSERT INTO `tb_site` VALUES ('2540', '海南', '儋州', '儋州');
INSERT INTO `tb_site` VALUES ('2541', '海南', '昌江', '昌江');
INSERT INTO `tb_site` VALUES ('2542', '海南', '白沙', '白沙');
INSERT INTO `tb_site` VALUES ('2543', '海南', '琼中', '琼中');
INSERT INTO `tb_site` VALUES ('2544', '海南', '定安', '定安');
INSERT INTO `tb_site` VALUES ('2545', '海南', '屯昌', '屯昌');
INSERT INTO `tb_site` VALUES ('2546', '海南', '琼海', '琼海');
INSERT INTO `tb_site` VALUES ('2547', '海南', '文昌', '文昌');
INSERT INTO `tb_site` VALUES ('2548', '海南', '保亭', '保亭');
INSERT INTO `tb_site` VALUES ('2549', '海南', '万宁', '万宁');
INSERT INTO `tb_site` VALUES ('2550', '海南', '陵水', '陵水');
INSERT INTO `tb_site` VALUES ('2551', '海南', '西沙', '西沙');
INSERT INTO `tb_site` VALUES ('2552', '海南', '南沙', '南沙');
INSERT INTO `tb_site` VALUES ('2553', '海南', '乐东', '乐东');
INSERT INTO `tb_site` VALUES ('2554', '海南', '五指山', '五指山');
INSERT INTO `tb_site` VALUES ('2555', '香港', '香港', '香港');
INSERT INTO `tb_site` VALUES ('2556', '香港', '香港', '新界');
INSERT INTO `tb_site` VALUES ('2557', '澳门', '澳门', '澳门');
INSERT INTO `tb_site` VALUES ('2558', '澳门', '澳门', '氹仔岛');
INSERT INTO `tb_site` VALUES ('2559', '澳门', '澳门', '路环岛');
INSERT INTO `tb_site` VALUES ('2560', '台湾', '台北', '台北');
INSERT INTO `tb_site` VALUES ('2561', '台湾', '台北', '桃园');
INSERT INTO `tb_site` VALUES ('2562', '台湾', '台北', '新竹');
INSERT INTO `tb_site` VALUES ('2563', '台湾', '台北', '宜兰');
INSERT INTO `tb_site` VALUES ('2564', '台湾', '高雄', '高雄');
INSERT INTO `tb_site` VALUES ('2565', '台湾', '高雄', '嘉义');
INSERT INTO `tb_site` VALUES ('2566', '台湾', '高雄', '台南');
INSERT INTO `tb_site` VALUES ('2567', '台湾', '高雄', '台东');
INSERT INTO `tb_site` VALUES ('2568', '台湾', '高雄', '屏东');
INSERT INTO `tb_site` VALUES ('2569', '台湾', '台中', '台中');
INSERT INTO `tb_site` VALUES ('2570', '台湾', '台中', '苗栗');
INSERT INTO `tb_site` VALUES ('2571', '台湾', '台中', '彰化');
INSERT INTO `tb_site` VALUES ('2572', '台湾', '台中', '南投');
INSERT INTO `tb_site` VALUES ('2573', '台湾', '台中', '花莲');
INSERT INTO `tb_site` VALUES ('2574', '台湾', '台中', '云林');

-- ----------------------------
-- Table structure for tb_user
-- ----------------------------
DROP TABLE IF EXISTS `tb_user`;
CREATE TABLE `tb_user` (
  `id` int(11) NOT NULL AUTO_INCREMENT,
  `username` varchar(20) NOT NULL,
  `password` varchar(32) NOT NULL,
  `balance` int(11) DEFAULT '0' COMMENT '余额',
  `email` varchar(50) NOT NULL,
  `gender` varchar(50) NOT NULL,
  `flag` int(11) DEFAULT NULL,
  `role` int(11) DEFAULT NULL,
  `code` varchar(100) DEFAULT NULL,
  PRIMARY KEY (`id`)
) ENGINE=InnoDB AUTO_INCREMENT=20 DEFAULT CHARSET=gbk;

-- ----------------------------
-- Records of tb_user
-- ----------------------------
INSERT INTO `tb_user` VALUES ('7', '姚超杰', '202cb962ac59075b964b07152d234b70', '66', '1027955598@qq.com', '男', '1', '1', '20170913190450482151');
INSERT INTO `tb_user` VALUES ('18', '张军栋', '250cf8b51c773f3f8dc8b4be867a9a02', '100', '1027955598@qq.com', '女', '1', '0', '20180419201032595304');
INSERT INTO `tb_user` VALUES ('19', '邱雅', '202cb962ac59075b964b07152d234b70', '51', '1027955598@qq.com', '女', '1', '0', '20180424162619544108');
